Local Time (Timezone : GMT+8h),Chilled Water Rate (L/sec),Cooling Water Temperature (C),Building Load (RT),Chiller Energy Consumption (kWh),Outside Temperature (F),Dew Point (F),Humidity (%),Wind Speed (mph),Pressure (in)
2019-10-01 00:00:00,84.0,30.3,446.0,98.7,82,77,84,3,29.8
2019-10-01 00:30:00,79.9,30.0,418.4,98.1,81,77,89,2,29.8
2019-10-01 01:00:00,80.1,30.0,421.4,98.0,81,77,89,2,29.8
2019-10-01 01:30:00,79.4,29.8,414.1,96.9,81,77,89,2,29.77
2019-10-01 02:00:00,78.7,29.6,405.8,93.1,81,77,89,2,29.77
2019-10-01 02:30:00,78.8,29.6,407.1,93.6,81,77,89,2,29.77
2019-10-01 03:00:00,79.8,29.5,406.2,93.8,81,77,89,2,29.77
2019-10-01 03:30:00,82.9,29.7,420.7,96.0,81,75,84,2,29.77
2019-10-01 04:00:00,82.3,29.6,412.2,95.0,81,75,84,2,29.77
2019-10-01 04:30:00,82.0,29.6,409.7,93.9,81,75,84,3,29.77
2019-10-01 05:00:00,81.6,29.5,409.8,93.6,81,75,84,2,29.77
2019-10-01 05:30:00,81.8,29.6,424.9,95.8,81,75,84,3,29.77
2019-10-01 06:00:00,80.7,29.5,420.4,93.7,81,75,84,3,29.77
2019-10-01 06:30:00,80.6,29.4,418.7,93.7,79,75,89,2,29.8
2019-10-01 07:00:00,84.7,29.7,455.9,97.6,81,75,84,2,29.8
2019-10-01 07:30:00,106.4,31.6,615.1,130.4,82,75,79,1,29.8
2019-10-01 08:00:00,106.7,31.6,590.0,125.3,84,75,74,2,29.8
2019-10-01 08:30:00,103.1,31.5,595.4,124.6,86,73,66,2,29.8
2019-10-01 09:00:00,101.7,31.3,584.4,120.7,88,75,66,5,29.83
2019-10-01 09:30:00,104.0,31.9,605.3,127.9,86,75,70,3,29.8
2019-10-01 10:00:00,106.8,32.2,616.1,133.1,88,75,66,3,29.83
2019-10-01 10:30:00,107.6,32.5,622.3,136.2,88,75,66,5,29.8
2019-10-01 11:00:00,108.5,32.9,636.7,140.0,90,73,59,5,29.8
2019-10-01 11:30:00,109.3,33.0,638.4,142.1,90,73,59,6,29.8
2019-10-01 12:00:00,111.5,30.7,671.5,179.3,90,72,55,6,29.77
2019-10-01 12:30:00,96.1,30.3,579.3,141.0,90,73,59,8,29.77
2019-10-01 13:00:00,92.2,32.9,632.1,137.7,90,73,59,7,29.74
2019-10-01 13:30:00,105.4,31.0,653.0,172.5,88,75,66,9,29.74
2019-10-01 14:00:00,110.0,30.5,638.1,171.6,86,72,62,12,29.74
2019-10-01 14:30:00,111.9,31.0,665.1,180.2,82,72,70,8,29.71
2019-10-01 15:00:00,112.4,31.2,674.0,185.4,82,72,70,6,29.71
2019-10-01 15:30:00,112.0,30.8,656.7,178.1,84,72,66,5,29.68
2019-10-01 16:00:00,104.3,30.3,599.8,153.0,84,75,74,8,29.71
2019-10-01 16:30:00,92.4,31.8,626.4,151.0,82,73,74,14,29.71
2019-10-01 17:00:00,107.0,30.2,628.2,163.0,82,72,70,10,29.68
2019-10-01 17:30:00,87.8,32.2,607.5,128.2,82,73,74,3,29.71
2019-10-01 18:00:00,102.5,33.0,626.3,140.0,82,75,79,2,29.71
2019-10-01 18:30:00,104.8,30.1,640.9,176.9,82,75,79,2,29.71
2019-10-01 19:00:00,83.6,31.8,566.3,120.9,82,77,84,1,29.74
2019-10-01 19:30:00,90.9,31.6,497.3,112.0,82,75,79,2,29.74
2019-10-01 20:00:00,90.0,31.2,485.7,112.5,82,77,84,1,29.74
2019-10-01 20:30:00,89.5,31.2,486.9,114.7,82,77,84,1,29.74
2019-10-01 21:00:00,88.4,31.0,478.4,112.4,82,77,84,5,29.74
2019-10-01 21:30:00,87.2,30.8,467.0,109.9,82,77,84,2,29.77
2019-10-01 22:00:00,86.1,30.7,464.6,108.1,82,77,84,1,29.77
2019-10-01 22:30:00,88.5,30.9,476.2,112.0,81,77,89,2,29.77
2019-10-01 23:00:00,88.4,31.0,474.3,112.0,81,77,89,3,29.77
2019-10-01 23:30:00,87.6,30.9,464.9,110.4,82,77,84,3,29.83
2019-10-02 00:00:00,84.6,30.6,449.0,106.8,82,77,84,3,29.8
2019-10-02 00:30:00,79.1,30.1,413.6,98.0,81,77,89,2,29.8
2019-10-02 01:00:00,79.1,30.0,409.9,98.6,81,77,89,2,29.8
2019-10-02 04:30:00,81.0,29.5,404.3,93.0,81,75,84,3,29.77
2019-10-02 05:00:00,81.0,29.5,402.9,93.2,81,75,84,2,29.77
2019-10-02 05:30:00,81.0,29.6,418.7,96.4,81,75,84,3,29.77
2019-10-02 06:00:00,79.0,29.8,431.5,100.6,81,75,84,3,29.77
2019-10-02 06:30:00,78.0,29.8,427.7,101.4,79,75,89,2,29.8
2019-10-02 07:00:00,83.0,30.2,473.2,105.5,81,75,84,2,29.8
2019-10-02 07:30:00,103.4,31.9,605.4,129.5,82,75,79,1,29.8
2019-10-02 08:00:00,105.1,31.7,585.4,122.2,84,75,74,2,29.8
2019-10-02 08:30:00,102.5,31.7,596.2,124.5,86,73,66,2,29.8
2019-10-02 09:00:00,101.1,31.9,582.7,124.0,88,75,66,5,29.83
2019-10-02 09:30:00,104.0,32.3,600.2,128.9,86,75,70,3,29.8
2019-10-02 10:00:00,107.3,32.9,606.1,132.5,88,75,66,3,29.83
2019-10-02 10:30:00,109.2,33.6,632.9,141.1,88,75,66,5,29.8
2019-10-02 11:00:00,106.2,32.8,627.7,158.3,90,73,59,5,29.8
2019-10-02 11:30:00,109.7,30.5,659.1,176.0,90,73,59,6,29.8
2019-10-02 12:00:00,109.4,30.4,641.3,172.8,90,72,55,6,29.77
2019-10-02 12:30:00,109.2,30.8,640.9,175.9,90,73,59,8,29.77
2019-10-02 13:00:00,109.8,30.8,650.8,178.2,90,73,59,7,29.74
2019-10-02 13:30:00,109.5,30.6,647.5,175.7,88,75,66,9,29.74
2019-10-02 14:00:00,90.6,30.8,583.6,130.0,86,72,62,12,29.74
2019-10-02 14:30:00,109.6,30.5,679.8,179.0,82,72,70,8,29.71
2019-10-02 15:00:00,108.3,30.0,631.9,167.2,82,72,70,6,29.71
2019-10-02 15:30:00,94.1,31.0,624.8,146.6,84,72,66,5,29.68
2019-10-02 16:00:00,107.3,29.6,681.4,177.5,84,75,74,8,29.71
2019-10-02 16:30:00,84.4,31.0,593.1,130.2,82,73,74,14,29.71
2019-10-02 17:00:00,105.7,29.6,680.7,180.2,82,72,70,10,29.68
2019-10-02 17:30:00,83.9,30.2,576.3,119.0,82,73,74,3,29.71
2019-10-02 18:00:00,95.6,30.6,575.2,119.5,82,75,79,2,29.71
2019-10-02 18:30:00,94.9,30.3,537.5,107.0,82,75,79,2,29.71
2019-10-02 19:00:00,93.2,30.0,516.7,102.1,82,77,84,1,29.74
2019-10-02 19:30:00,81.2,29.1,447.7,89.9,82,75,79,2,29.74
2019-10-02 20:00:00,78.2,28.5,427.5,85.5,82,77,84,1,29.74
2019-10-02 20:30:00,77.1,28.3,412.6,85.3,82,77,84,1,29.74
2019-10-02 21:00:00,75.0,28.2,381.4,85.4,82,77,84,5,29.74
2019-10-02 21:30:00,75.0,28.3,375.6,83.2,82,77,84,2,29.77
2019-10-02 22:00:00,76.5,28.1,386.1,83.6,82,77,84,1,29.77
2019-10-02 22:30:00,79.7,28.3,397.0,86.0,81,77,89,2,29.77
2019-10-02 23:00:00,80.3,28.4,395.5,86.0,81,77,89,3,29.77
2019-10-02 23:30:00,80.4,28.5,397.5,86.7,82,77,84,3,29.83
2019-10-03 00:00:00,77.5,28.4,386.8,86.3,82,77,84,3,29.8
2019-10-03 00:30:00,72.9,28.0,357.6,79.6,81,77,89,2,29.8
2019-10-03 01:00:00,72.7,28.0,355.3,79.7,81,77,89,2,29.8
2019-10-03 01:30:00,72.5,28.0,354.4,79.5,81,77,89,2,29.77
2019-10-03 02:00:00,72.4,28.0,354.8,79.4,81,77,89,2,29.77
2019-10-03 02:30:00,72.7,28.1,355.9,79.6,81,77,89,2,29.77
2019-10-03 03:00:00,74.5,28.2,361.6,81.2,81,77,89,2,29.77
2019-10-03 03:30:00,77.5,28.6,378.7,85.9,81,75,84,2,29.77
2019-10-03 04:00:00,77.0,28.4,371.2,84.3,81,75,84,2,29.77
2019-10-03 04:30:00,77.3,28.5,371.0,84.3,81,75,84,3,29.77
2019-10-03 05:00:00,77.7,28.5,370.6,84.1,81,75,84,2,29.77
2019-10-03 05:30:00,77.8,28.6,382.9,85.9,81,75,84,3,29.77
2019-10-03 06:00:00,76.7,28.8,390.3,88.3,81,75,84,3,29.77
2019-10-03 06:30:00,75.6,28.6,383.0,86.4,79,75,89,2,29.8
2019-10-03 07:00:00,79.6,28.6,409.4,87.0,81,75,84,2,29.8
2019-10-03 07:30:00,99.0,29.8,563.6,113.3,82,75,79,1,29.8
2019-10-03 08:00:00,94.7,28.8,503.3,95.6,84,75,74,2,29.8
2019-10-03 08:30:00,92.7,29.2,517.3,99.5,86,73,66,2,29.8
2019-10-03 09:00:00,93.2,29.7,512.4,99.4,88,75,66,5,29.83
2019-10-03 09:30:00,99.2,30.3,555.0,110.6,86,75,70,3,29.8
2019-10-03 10:00:00,104.4,31.3,570.9,117.4,88,75,66,3,29.83
2019-10-03 10:30:00,106.0,31.8,587.8,122.6,88,75,66,5,29.8
2019-10-03 11:00:00,107.0,32.1,594.2,126.7,90,73,59,5,29.8
2019-10-03 11:30:00,108.4,32.7,615.3,135.2,90,73,59,6,29.8
2019-10-03 12:00:00,108.0,32.9,625.2,139.0,90,72,55,6,29.77
2019-10-03 12:30:00,108.0,32.8,616.2,136.6,90,73,59,8,29.77
2019-10-03 13:00:00,108.0,32.7,612.8,135.3,90,73,59,7,29.74
2019-10-03 13:30:00,108.4,32.5,612.1,133.8,88,75,66,9,29.74
2019-10-03 14:00:00,108.3,32.3,609.2,132.4,86,72,62,12,29.74
2019-10-03 14:30:00,109.1,32.9,632.4,141.5,82,72,70,8,29.71
2019-10-03 15:00:00,107.4,32.5,625.1,139.1,82,72,70,6,29.71
2019-10-03 15:30:00,105.6,31.8,593.4,128.3,84,72,66,5,29.68
2019-10-03 16:00:00,106.0,32.1,596.3,128.8,84,75,74,8,29.71
2019-10-03 16:30:00,107.6,32.2,602.9,130.4,82,73,74,14,29.71
2019-10-03 17:00:00,109.6,30.1,623.4,161.1,82,72,70,10,29.68
2019-10-03 17:30:00,87.0,30.5,549.2,128.6,82,73,74,3,29.71
2019-10-03 18:00:00,100.5,29.5,656.2,166.0,82,75,79,2,29.71
2019-10-03 18:30:00,85.1,30.2,523.9,104.2,82,75,79,2,29.71
2019-10-03 19:00:00,99.2,30.6,528.5,106.4,82,77,84,1,29.74
2019-10-03 19:30:00,87.1,29.6,431.7,97.2,82,75,79,2,29.74
2019-10-03 20:00:00,89.6,30.1,455.7,102.5,82,77,84,1,29.74
2019-10-03 20:30:00,89.2,30.6,461.7,105.9,82,77,84,1,29.74
2019-10-03 21:00:00,89.7,30.7,464.2,107.4,82,77,84,5,29.74
2019-10-03 21:30:00,88.2,30.6,464.8,107.8,82,77,84,2,29.77
2019-10-03 22:00:00,88.8,30.4,464.1,106.8,82,77,84,1,29.77
2019-10-03 22:30:00,91.1,30.5,467.3,108.0,81,77,89,2,29.77
2019-10-03 23:00:00,89.4,30.3,457.1,105.2,81,77,89,3,29.77
2019-10-03 23:30:00,90.6,30.4,462.4,107.0,82,77,84,3,29.83
2019-10-04 00:00:00,87.5,30.4,446.7,104.3,82,77,84,3,29.8
2019-10-04 00:30:00,81.8,30.0,414.0,97.7,81,77,89,2,29.8
2019-10-04 01:00:00,82.4,30.0,412.4,98.9,81,77,89,2,29.8
2019-10-04 01:30:00,82.0,29.9,412.6,96.2,81,77,89,2,29.77
2019-10-04 02:00:00,81.8,30.0,410.1,96.7,81,77,89,2,29.77
2019-10-04 02:30:00,82.0,30.2,410.9,99.0,81,77,89,2,29.77
2019-10-04 03:00:00,84.9,30.3,429.2,100.9,81,77,89,2,29.77
2019-10-04 03:30:00,85.6,30.5,432.1,104.0,81,75,84,2,29.77
2019-10-04 04:00:00,84.0,30.3,426.8,101.9,81,75,84,2,29.77
2019-10-04 04:30:00,83.7,30.2,423.5,100.4,81,75,84,3,29.77
2019-10-04 05:00:00,83.6,30.2,425.2,100.1,81,75,84,2,29.77
2019-10-04 05:30:00,84.7,30.4,444.0,104.0,81,75,84,3,29.77
2019-10-04 06:00:00,82.6,29.9,423.2,98.5,81,75,84,3,29.77
2019-10-04 06:30:00,80.8,29.5,413.0,94.9,79,75,89,2,29.8
2019-10-04 07:00:00,85.6,30.0,461.9,100.6,81,75,84,2,29.8
2019-10-04 07:30:00,105.9,31.9,613.7,130.4,82,75,79,1,29.8
2019-10-04 08:00:00,105.7,31.6,583.3,121.8,84,75,74,2,29.8
2019-10-04 08:30:00,103.2,31.9,597.6,125.8,86,73,66,2,29.8
2019-10-04 09:00:00,102.8,32.2,595.8,127.4,88,75,66,5,29.83
2019-10-04 09:30:00,103.3,32.4,604.4,130.4,86,75,70,3,29.8
2019-10-04 10:00:00,103.7,32.8,618.5,136.6,88,75,66,3,29.83
2019-10-04 10:30:00,108.0,30.5,648.7,172.0,88,75,66,5,29.8
2019-10-04 11:00:00,107.4,30.1,628.9,165.4,90,73,59,5,29.8
2019-10-04 11:30:00,108.8,30.3,643.0,168.4,90,73,59,6,29.8
2019-10-04 12:00:00,109.3,30.1,627.1,167.1,90,72,55,6,29.77
2019-10-04 12:30:00,102.6,30.1,591.9,149.7,90,73,59,8,29.77
2019-10-04 13:00:00,93.8,31.8,644.7,163.6,90,73,59,7,29.74
2019-10-04 13:30:00,107.4,30.0,642.1,163.4,88,75,66,9,29.74
2019-10-04 14:00:00,89.2,31.5,621.7,144.8,86,72,62,12,29.74
2019-10-04 14:30:00,109.7,30.5,671.5,177.7,82,72,70,8,29.71
2019-10-04 15:00:00,92.1,30.8,580.8,133.0,82,72,70,6,29.71
2019-10-04 15:30:00,102.7,30.4,650.5,172.6,84,72,66,5,29.68
2019-10-04 16:00:00,86.6,30.8,579.1,120.4,84,75,74,8,29.71
2019-10-04 16:30:00,98.5,32.0,620.0,135.0,82,73,74,14,29.71
2019-10-04 17:00:00,105.9,32.3,602.2,135.5,82,72,70,10,29.68
2019-10-04 17:30:00,105.0,32.0,581.2,125.9,82,73,74,3,29.71
2019-10-04 18:00:00,105.1,31.8,579.1,123.8,82,75,79,2,29.71
2019-10-04 18:30:00,105.0,31.6,559.7,117.6,82,75,79,2,29.71
2019-10-04 19:00:00,100.6,31.2,529.9,110.8,82,77,84,1,29.74
2019-10-04 19:30:00,87.9,30.4,460.7,94.9,82,75,79,2,29.74
2019-10-04 20:00:00,88.1,30.6,462.9,95.5,82,77,84,1,29.74
2019-10-04 20:30:00,88.1,30.8,472.8,98.1,82,77,84,1,29.74
2019-10-04 21:00:00,88.0,31.0,470.6,98.2,82,77,84,5,29.74
2019-10-04 21:30:00,87.8,30.9,459.9,95.5,82,77,84,2,29.77
2019-10-04 22:00:00,90.5,31.0,476.2,98.6,82,77,84,1,29.77
2019-10-04 22:30:00,93.1,31.1,483.6,100.7,81,77,89,2,29.77
2019-10-04 23:00:00,92.1,30.9,474.1,98.3,81,77,89,3,29.77
2019-10-04 23:30:00,91.6,30.7,465.6,96.1,82,77,84,3,29.83
2019-10-05 00:00:00,88.8,30.7,451.2,94.5,82,77,84,3,29.8
2019-10-05 00:30:00,83.4,30.2,418.1,88.5,81,77,89,2,29.8
2019-10-05 01:00:00,83.0,29.9,411.2,86.7,81,77,89,2,29.8
2019-10-05 01:30:00,82.5,29.7,407.1,87.0,81,77,89,2,29.77
2019-10-05 02:00:00,82.6,29.8,403.5,91.7,81,77,89,2,29.77
2019-10-05 02:30:00,82.5,29.8,403.8,92.8,81,77,89,2,29.77
2019-10-05 03:00:00,84.8,30.0,413.2,94.0,81,77,89,2,29.77
2019-10-05 03:30:00,87.5,30.2,430.5,97.6,81,75,84,2,29.77
2019-10-05 04:00:00,87.4,30.1,415.7,95.7,81,75,84,2,29.77
2019-10-05 04:30:00,86.9,30.0,415.9,94.6,81,75,84,3,29.77
2019-10-05 05:00:00,85.2,30.1,416.1,95.6,81,75,84,2,29.77
2019-10-05 05:30:00,81.1,29.9,408.0,94.2,81,75,84,3,29.77
2019-10-05 06:00:00,78.1,29.8,404.9,94.0,81,75,84,3,29.77
2019-10-05 06:30:00,80.4,30.0,422.4,93.9,79,75,89,2,29.8
2019-10-05 07:00:00,84.7,30.3,453.1,93.6,81,75,84,2,29.8
2019-10-05 07:30:00,97.3,31.1,517.7,107.9,82,75,79,1,29.8
2019-10-05 08:00:00,96.3,31.7,531.1,112.8,84,75,74,2,29.8
2019-10-05 08:30:00,101.8,32.6,575.8,126.3,86,73,66,2,29.8
2019-10-05 09:00:00,101.9,32.5,560.1,122.3,88,75,66,5,29.83
2019-10-05 09:30:00,100.4,32.1,541.7,115.9,86,75,70,3,29.8
2019-10-05 10:00:00,100.8,32.2,544.6,117.6,88,75,66,3,29.83
2019-10-05 10:30:00,100.7,32.1,550.3,119.1,88,75,66,5,29.8
2019-10-05 11:00:00,100.6,32.1,548.2,119.0,90,73,59,5,29.8
2019-10-05 11:30:00,100.4,32.1,542.5,118.1,90,73,59,6,29.8
2019-10-05 12:00:00,100.8,32.3,558.8,122.8,90,72,55,6,29.77
2019-10-05 12:30:00,99.3,32.5,563.1,126.4,90,73,59,8,29.77
2019-10-05 13:00:00,97.2,32.2,543.8,121.1,90,73,59,7,29.74
2019-10-05 13:30:00,95.5,31.7,521.3,112.5,88,75,66,9,29.74
2019-10-05 14:00:00,97.5,32.4,552.1,123.6,86,72,62,12,29.74
2019-10-05 14:30:00,99.5,32.7,567.7,128.2,82,72,70,8,29.71
2019-10-05 15:00:00,99.8,32.7,568.6,128.2,82,72,70,6,29.71
2019-10-05 15:30:00,97.1,31.1,511.0,106.8,84,72,66,5,29.68
2019-10-05 16:00:00,96.5,30.1,482.6,96.6,84,75,74,8,29.71
2019-10-05 16:30:00,97.7,30.7,514.3,105.1,82,73,74,14,29.71
2019-10-05 17:00:00,97.8,30.9,503.4,103.7,82,72,70,10,29.68
2019-10-05 17:30:00,97.9,31.3,517.7,108.1,82,73,74,3,29.71
2019-10-05 18:00:00,95.7,31.0,494.0,102.2,82,75,79,2,29.71
2019-10-05 18:30:00,94.6,31.2,501.9,106.0,82,75,79,2,29.71
2019-10-05 19:00:00,94.4,31.4,500.6,105.8,82,77,84,1,29.74
2019-10-05 19:30:00,86.0,30.0,440.7,90.1,82,75,79,2,29.74
2019-10-05 20:00:00,83.3,28.6,406.2,78.4,82,77,84,1,29.74
2019-10-05 20:30:00,85.1,29.4,419.7,83.5,82,77,84,1,29.74
2019-10-05 21:00:00,86.8,30.1,444.3,89.5,82,77,84,5,29.74
2019-10-05 21:30:00,81.2,28.6,401.2,78.2,82,77,84,2,29.77
2019-10-05 22:00:00,81.0,28.2,397.2,75.6,82,77,84,1,29.77
2019-10-05 22:30:00,83.4,28.4,404.5,77.5,81,77,89,2,29.77
2019-10-05 23:00:00,83.0,28.8,386.0,84.1,81,77,89,3,29.77
2019-10-05 23:30:00,84.4,28.5,400.2,84.5,82,77,84,3,29.83
2019-10-06 00:00:00,82.1,28.8,389.0,85.4,82,77,84,3,29.8
2019-10-06 00:30:00,77.9,28.6,368.8,80.8,81,77,89,2,29.8
2019-10-06 01:00:00,78.5,28.3,374.3,80.8,81,77,89,2,29.8
2019-10-06 08:30:00,83.1,30.4,458.4,93.0,86,73,66,2,29.8
2019-10-06 09:00:00,86.1,30.8,466.9,96.9,88,75,66,5,29.83
2019-10-06 09:30:00,86.8,30.6,454.2,94.2,86,75,70,3,29.8
2019-10-06 10:00:00,86.3,29.7,439.4,87.7,88,75,66,3,29.83
2019-10-06 10:30:00,85.4,28.6,411.4,79.1,88,75,66,5,29.8
2019-10-06 11:00:00,85.1,28.5,407.4,76.9,90,73,59,5,29.8
2019-10-06 11:30:00,85.3,29.0,412.0,80.1,90,73,59,6,29.8
2019-10-06 12:00:00,85.9,29.3,423.8,83.4,90,72,55,6,29.77
2019-10-06 12:30:00,85.5,29.4,422.8,84.3,90,73,59,8,29.77
2019-10-06 13:00:00,86.8,29.6,437.1,86.3,90,73,59,7,29.74
2019-10-06 13:30:00,88.7,30.4,453.4,92.7,88,75,66,9,29.74
2019-10-06 14:00:00,89.3,30.5,455.4,93.6,86,72,62,12,29.74
2019-10-06 14:30:00,90.5,31.0,470.2,98.6,82,72,70,8,29.71
2019-10-06 15:00:00,91.7,31.6,488.2,104.2,82,72,70,6,29.71
2019-10-06 15:30:00,91.2,31.4,479.0,101.9,84,72,66,5,29.68
2019-10-06 16:00:00,90.4,31.0,471.1,99.0,84,75,74,8,29.71
2019-10-06 16:30:00,90.8,31.1,473.4,99.5,82,73,74,14,29.71
2019-10-06 17:00:00,89.9,30.9,468.2,97.5,82,72,70,10,29.68
2019-10-06 17:30:00,89.7,31.2,477.7,100.5,82,73,74,3,29.71
2019-10-06 18:00:00,91.3,31.8,496.5,107.4,82,75,79,2,29.71
2019-10-06 18:30:00,90.3,31.2,483.0,102.1,82,75,79,2,29.71
2019-10-06 19:00:00,88.1,30.6,459.1,95.3,82,77,84,1,29.74
2019-10-06 19:30:00,85.6,29.9,433.5,87.3,82,75,79,2,29.74
2019-10-06 20:00:00,88.6,30.8,470.9,97.5,82,77,84,1,29.74
2019-10-06 20:30:00,88.8,31.0,475.9,99.0,82,77,84,1,29.74
2019-10-06 21:00:00,88.6,30.9,472.1,98.2,82,77,84,5,29.74
2019-10-06 21:30:00,87.6,30.6,460.6,94.5,82,77,84,2,29.77
2019-10-06 22:00:00,89.3,30.8,474.8,98.2,82,77,84,1,29.77
2019-10-06 22:30:00,92.2,31.1,488.4,102.3,81,77,89,2,29.77
2019-10-06 23:00:00,91.7,30.9,481.8,99.4,81,77,89,3,29.77
2019-10-06 23:30:00,92.1,30.9,481.1,99.8,82,77,84,3,29.83
2019-10-07 00:00:00,89.1,30.7,464.3,97.0,82,77,84,3,29.8
2019-10-07 00:30:00,82.6,30.1,417.9,88.7,81,77,89,2,29.8
2019-10-07 01:00:00,82.4,30.1,415.9,89.3,81,77,89,2,29.8
2019-10-07 01:30:00,82.9,30.2,418.9,89.4,81,77,89,2,29.77
2019-10-07 02:00:00,82.5,30.0,414.3,87.4,81,77,89,2,29.77
2019-10-07 02:30:00,81.7,30.1,412.6,90.6,81,77,89,2,29.77
2019-10-07 03:00:00,80.6,29.9,412.6,93.9,81,77,89,2,29.77
2019-10-07 03:30:00,83.4,30.0,429.5,95.9,81,75,84,2,29.77
2019-10-07 04:00:00,82.4,29.8,412.3,93.1,81,75,84,2,29.77
2019-10-07 04:30:00,82.4,29.7,415.2,93.0,81,75,84,3,29.77
2019-10-07 05:00:00,82.3,29.7,414.6,93.3,81,75,84,2,29.77
2019-10-07 05:30:00,82.6,29.8,427.8,91.1,81,75,84,3,29.77
2019-10-07 06:00:00,82.0,29.8,428.8,86.6,81,75,84,3,29.77
2019-10-07 06:30:00,86.0,30.2,471.0,94.0,79,75,89,2,29.8
2019-10-07 07:00:00,98.2,30.9,525.1,107.8,81,75,84,2,29.8
2019-10-07 07:30:00,109.7,31.0,623.7,150.7,82,75,79,1,29.8
2019-10-07 08:00:00,110.0,29.5,642.6,155.3,84,75,74,2,29.8
2019-10-07 08:30:00,96.7,30.8,626.3,143.2,86,73,66,2,29.8
2019-10-07 09:00:00,113.0,30.3,692.5,177.8,88,75,66,5,29.83
2019-10-07 09:30:00,99.1,30.2,587.7,143.9,86,75,70,3,29.8
2019-10-07 10:00:00,103.4,31.9,705.0,188.4,88,75,66,3,29.83
2019-10-07 10:30:00,113.5,31.2,685.2,186.5,88,75,66,5,29.8
2019-10-07 11:00:00,113.6,31.3,689.2,186.1,90,73,59,5,29.8
2019-10-07 11:30:00,113.3,31.3,687.6,186.2,90,73,59,6,29.8
2019-10-07 12:00:00,112.1,30.6,656.2,175.0,90,72,55,6,29.77
2019-10-07 12:30:00,111.6,30.3,646.1,170.4,90,73,59,8,29.77
2019-10-07 13:00:00,112.0,30.0,639.1,167.5,90,73,59,7,29.74
2019-10-07 13:30:00,97.1,30.2,584.0,138.8,88,75,66,9,29.74
2019-10-07 14:00:00,102.3,31.2,681.0,179.2,86,72,62,12,29.74
2019-10-07 14:30:00,113.2,29.5,648.1,165.3,82,72,70,8,29.71
2019-10-07 15:00:00,105.6,29.2,608.5,148.9,82,72,70,6,29.71
2019-10-07 15:30:00,91.0,30.4,595.4,139.9,84,72,66,5,29.68
2019-10-07 16:00:00,109.9,29.5,674.0,169.0,84,75,74,8,29.71
2019-10-07 16:30:00,104.2,29.4,608.6,151.4,82,73,74,14,29.71
2019-10-07 17:00:00,88.8,31.9,609.2,128.2,82,72,70,10,29.68
2019-10-07 17:30:00,105.4,32.4,622.1,133.6,82,73,74,3,29.71
2019-10-07 18:00:00,107.7,32.4,596.2,128.2,82,75,79,2,29.71
2019-10-07 18:30:00,106.3,32.4,593.8,126.6,82,75,79,2,29.71
2019-10-07 19:00:00,103.4,32.3,576.1,122.8,82,77,84,1,29.74
2019-10-07 19:30:00,91.4,31.4,495.3,115.5,82,75,79,2,29.74
2019-10-07 20:00:00,91.2,31.4,497.6,115.1,82,77,84,1,29.74
2019-10-07 20:30:00,91.2,31.3,495.5,114.0,82,77,84,1,29.74
2019-10-07 21:00:00,90.4,31.2,487.4,113.8,82,77,84,5,29.74
2019-10-07 21:30:00,89.3,31.2,479.3,112.4,82,77,84,2,29.77
2019-10-07 22:00:00,90.7,31.1,483.4,111.4,82,77,84,1,29.77
2019-10-07 22:30:00,93.1,31.4,505.8,109.4,81,77,89,2,29.77
2019-10-07 23:00:00,92.5,31.3,489.1,114.0,81,77,89,3,29.77
2019-10-07 23:30:00,91.3,31.1,481.3,113.6,82,77,84,3,29.83
2019-10-08 00:00:00,88.5,30.9,454.9,109.9,82,77,84,3,29.8
2019-10-08 00:30:00,82.3,30.5,423.0,102.2,81,77,89,2,29.8
2019-10-08 01:00:00,82.8,30.5,422.9,102.2,81,77,89,2,29.8
2019-10-08 01:30:00,81.9,30.5,420.1,102.4,81,77,89,2,29.77
2019-10-08 02:00:00,79.3,30.3,410.0,98.9,81,77,89,2,29.77
2019-10-08 02:30:00,78.5,30.1,408.0,97.7,81,77,89,2,29.77
2019-10-08 03:00:00,80.3,30.1,415.8,98.9,81,77,89,2,29.77
2019-10-08 03:30:00,82.3,30.2,428.6,101.7,81,75,84,2,29.77
2019-10-08 04:00:00,81.9,30.0,418.0,98.6,81,75,84,2,29.77
2019-10-08 04:30:00,80.9,29.7,407.8,95.8,81,75,84,3,29.77
2019-10-08 05:00:00,80.5,29.5,403.9,93.6,81,75,84,2,29.77
2019-10-08 05:30:00,80.8,29.8,425.0,97.9,81,75,84,3,29.77
2019-10-08 06:00:00,80.0,29.8,418.9,97.3,81,75,84,3,29.77
2019-10-08 06:30:00,80.6,29.8,427.8,98.7,79,75,89,2,29.8
2019-10-08 07:00:00,85.6,30.3,481.9,105.8,81,75,84,2,29.8
2019-10-08 07:30:00,104.4,31.7,590.3,135.5,82,75,79,1,29.8
2019-10-08 08:00:00,101.9,29.5,623.7,158.0,84,75,74,2,29.8
2019-10-08 08:30:00,88.3,31.5,589.4,128.1,86,73,66,2,29.8
2019-10-08 09:00:00,109.4,30.6,716.6,189.1,88,75,66,5,29.83
2019-10-08 09:30:00,108.6,30.2,636.5,169.9,86,75,70,3,29.8
2019-10-08 10:00:00,90.8,31.1,584.4,129.3,88,75,66,3,29.83
2019-10-08 10:30:00,115.1,31.0,750.6,195.4,88,75,66,5,29.8
2019-10-08 11:00:00,112.0,30.4,647.2,171.4,90,73,59,5,29.8
2019-10-08 11:30:00,91.8,30.3,585.4,129.7,90,73,59,6,29.8
2019-10-08 12:00:00,105.2,30.2,663.2,168.5,90,72,55,6,29.77
2019-10-08 12:30:00,110.4,30.1,646.1,170.0,90,73,59,8,29.77
2019-10-08 13:00:00,111.1,30.2,648.9,170.4,90,73,59,7,29.74
2019-10-08 13:30:00,111.6,30.4,653.0,172.8,88,75,66,9,29.74
2019-10-08 14:00:00,112.7,31.0,664.6,180.0,86,72,62,12,29.74
2019-10-08 14:30:00,112.3,31.1,659.9,180.6,82,72,70,8,29.71
2019-10-08 15:00:00,112.6,31.2,661.2,182.9,82,72,70,6,29.71
2019-10-08 15:30:00,112.3,30.7,654.9,176.3,84,72,66,5,29.68
2019-10-08 16:00:00,112.4,30.3,649.1,171.2,84,75,74,8,29.71
2019-10-08 16:30:00,112.9,30.5,646.2,172.2,82,73,74,14,29.71
2019-10-08 17:00:00,111.9,30.6,649.1,172.7,82,72,70,10,29.68
2019-10-08 17:30:00,111.2,30.7,646.8,174.0,82,73,74,3,29.71
2019-10-08 18:00:00,109.7,30.5,640.6,171.7,82,75,79,2,29.71
2019-10-08 18:30:00,86.0,32.1,586.1,126.0,82,75,79,2,29.71
2019-10-08 19:00:00,98.5,33.0,607.7,135.3,82,77,84,1,29.74
2019-10-08 19:30:00,91.7,31.5,500.8,108.1,82,75,79,2,29.74
2019-10-08 20:00:00,91.7,31.0,494.6,103.6,82,77,84,1,29.74
2019-10-08 20:30:00,90.4,30.8,482.2,100.5,82,77,84,1,29.74
2019-10-08 21:00:00,91.0,30.8,480.9,101.0,82,77,84,5,29.74
2019-10-08 21:30:00,89.5,30.6,460.1,99.9,82,77,84,2,29.77
2019-10-08 22:00:00,91.1,30.9,469.5,102.0,82,77,84,1,29.77
2019-10-08 22:30:00,93.0,31.3,475.0,105.1,81,77,89,2,29.77
2019-10-08 23:00:00,90.5,31.4,476.2,105.8,81,77,89,3,29.77
2019-10-08 23:30:00,88.4,31.2,472.3,104.9,82,77,84,3,29.83
2019-10-09 00:00:00,86.0,31.0,461.2,104.5,82,77,84,3,29.8
2019-10-09 00:30:00,79.8,30.5,419.2,100.7,81,77,89,2,29.8
2019-10-09 01:00:00,79.7,30.4,419.0,100.2,81,77,89,2,29.8
2019-10-09 01:30:00,79.0,30.3,409.7,98.6,81,77,89,2,29.77
2019-10-09 02:00:00,78.2,30.1,402.3,96.5,81,77,89,2,29.77
2019-10-09 02:30:00,77.6,30.0,401.5,95.8,81,77,89,2,29.77
2019-10-09 03:00:00,79.2,30.1,410.2,96.9,81,77,89,2,29.77
2019-10-09 03:30:00,82.0,30.2,422.2,99.7,81,75,84,2,29.77
2019-10-09 04:00:00,81.5,30.1,414.0,97.5,81,75,84,2,29.77
2019-10-09 04:30:00,81.4,30.0,412.4,96.9,81,75,84,3,29.77
2019-10-09 05:00:00,81.3,29.9,409.7,96.2,81,75,84,2,29.77
2019-10-09 05:30:00,81.0,30.1,422.6,98.7,81,75,84,3,29.77
2019-10-09 06:00:00,80.4,30.1,424.0,98.6,81,75,84,3,29.77
2019-10-09 06:30:00,79.9,30.1,422.6,98.0,79,75,89,2,29.8
2019-10-09 07:00:00,85.5,30.5,470.9,103.8,81,75,84,2,29.8
2019-10-09 07:30:00,103.7,32.6,621.1,138.2,82,75,79,1,29.8
2019-10-09 08:00:00,106.6,30.2,657.1,177.2,84,75,74,2,29.8
2019-10-09 08:30:00,93.4,30.6,582.4,144.0,86,73,66,2,29.8
2019-10-09 09:00:00,101.8,31.5,652.6,173.4,88,75,66,5,29.83
2019-10-09 09:30:00,108.7,31.1,655.1,183.9,86,75,70,3,29.8
2019-10-09 10:00:00,85.3,33.0,598.8,133.9,88,75,66,3,29.83
2019-10-09 10:30:00,100.1,33.9,632.7,143.2,88,75,66,5,29.8
2019-10-09 11:00:00,108.6,31.3,650.5,173.4,90,73,59,5,29.8
2019-10-09 11:30:00,92.5,30.3,544.3,127.5,90,73,59,6,29.8
2019-10-09 12:00:00,97.4,33.2,620.9,137.5,90,72,55,6,29.77
2019-10-09 12:30:00,110.1,33.9,632.1,143.6,90,73,59,8,29.77
2019-10-09 13:00:00,83.5,32.2,652.4,138.4,90,73,59,7,29.74
2019-10-09 13:30:00,79.7,30.9,642.6,125.4,88,75,66,9,29.74
2019-10-09 14:00:00,107.2,30.5,706.7,181.6,86,72,62,12,29.74
2019-10-09 14:30:00,90.2,30.9,587.9,132.3,82,72,70,8,29.71
2019-10-09 15:00:00,97.6,33.7,629.0,143.5,82,72,70,6,29.71
2019-10-09 15:30:00,113.2,34.0,637.0,143.5,84,72,66,5,29.68
2019-10-09 16:00:00,113.7,32.0,730.4,196.6,84,75,74,8,29.71
2019-10-09 16:30:00,111.4,31.6,706.1,201.7,82,73,74,14,29.71
2019-10-09 17:00:00,107.5,31.3,683.5,194.3,82,72,70,10,29.68
2019-10-09 17:30:00,107.2,30.9,651.1,182.3,82,73,74,3,29.71
2019-10-09 18:00:00,93.7,31.4,591.3,147.4,82,75,79,2,29.71
2019-10-09 18:30:00,93.1,34.1,633.0,143.9,82,75,79,2,29.71
2019-10-09 19:00:00,105.8,34.1,625.4,143.1,82,77,84,1,29.74
2019-10-09 19:30:00,89.9,32.8,537.8,130.1,82,75,79,2,29.74
2019-10-09 20:00:00,90.2,32.1,513.7,125.7,82,77,84,1,29.74
2019-10-09 20:30:00,91.2,31.9,494.4,119.9,82,77,84,1,29.74
2019-10-09 21:00:00,91.1,32.0,492.8,121.0,82,77,84,5,29.74
2019-10-09 21:30:00,90.4,31.8,484.0,118.8,82,77,84,2,29.77
2019-10-09 22:00:00,91.4,31.8,482.6,118.5,82,77,84,1,29.77
2019-10-09 22:30:00,90.6,31.7,467.8,116.6,81,77,89,2,29.77
2019-10-09 23:00:00,88.4,31.4,458.1,112.3,81,77,89,3,29.77
2019-10-09 23:30:00,88.1,31.2,452.5,110.8,81,77,89,2,29.83
2019-10-10 00:00:00,84.9,31.1,434.0,107.2,81,77,89,2,29.83
2019-10-10 00:30:00,79.8,30.5,404.9,99.9,81,77,89,2,29.83
2019-10-10 01:00:00,78.5,30.1,391.2,96.0,81,77,89,2,29.8
2019-10-10 01:30:00,77.9,30.1,399.3,97.7,79,77,94,2,29.8
2019-10-10 02:00:00,77.0,29.9,389.5,94.3,79,75,89,3,29.8
2019-10-10 02:30:00,77.0,29.8,383.0,92.4,79,75,89,2,29.8
2019-10-10 03:00:00,78.0,29.9,396.0,95.5,79,75,89,2,29.8
2019-10-10 03:30:00,80.4,30.0,409.4,98.7,79,75,89,2,29.8
2019-10-10 04:00:00,79.4,30.0,416.2,101.7,79,75,89,0,29.8
2019-10-10 04:30:00,77.9,29.8,410.2,99.8,79,75,89,2,29.77
2019-10-10 05:00:00,77.3,29.6,399.7,97.0,79,75,89,1,29.8
2019-10-10 05:30:00,78.5,29.7,412.6,98.7,79,75,89,2,29.8
2019-10-10 06:00:00,76.7,29.6,397.4,95.1,79,75,89,2,29.8
2019-10-10 06:30:00,76.8,29.7,410.0,97.7,79,75,89,1,29.83
2019-10-10 07:00:00,82.5,30.5,480.6,107.7,81,77,89,2,29.83
2019-10-10 07:30:00,101.9,32.3,595.6,128.1,82,75,79,2,29.86
2019-10-10 08:00:00,101.3,32.0,568.5,121.6,86,75,70,2,29.86
2019-10-10 08:30:00,102.4,32.3,589.3,125.9,86,75,70,2,29.86
2019-10-10 09:00:00,105.3,33.0,619.6,137.6,86,75,70,5,29.86
2019-10-10 09:30:00,103.7,33.5,618.8,142.1,86,75,70,7,29.86
2019-10-10 10:00:00,104.9,33.6,620.9,143.6,88,75,66,7,29.89
2019-10-10 10:30:00,106.6,33.6,622.0,142.0,88,73,62,8,29.86
2019-10-10 11:00:00,110.7,33.8,630.6,141.6,88,75,66,8,29.86
2019-10-10 11:30:00,109.9,33.4,644.6,154.3,90,73,59,7,29.86
2019-10-10 12:00:00,110.7,31.2,710.5,200.0,90,73,59,6,29.83
2019-10-10 12:30:00,108.2,30.7,641.5,179.5,91,73,55,6,29.83
2019-10-10 13:00:00,108.3,31.0,655.5,183.6,91,75,59,3,29.83
2019-10-10 13:30:00,98.2,31.3,608.7,158.5,90,73,59,7,29.8
2019-10-10 14:00:00,104.5,32.8,725.6,188.9,88,73,62,13,29.8
2019-10-10 14:30:00,113.4,32.2,730.3,207.8,90,72,55,9,29.77
2019-10-10 15:00:00,107.2,31.0,676.7,190.9,88,72,58,9,29.77
2019-10-10 15:30:00,82.7,30.7,556.6,119.5,86,75,70,10,29.77
2019-10-10 16:00:00,107.6,30.2,683.1,180.4,88,75,66,9,29.77
2019-10-10 16:30:00,105.9,30.3,645.6,176.0,86,73,66,7,29.77
2019-10-10 17:00:00,89.6,31.1,594.9,139.8,86,75,70,2,29.77
2019-10-10 17:30:00,95.4,33.0,635.2,143.9,86,75,70,2,29.77
2019-10-10 18:00:00,108.1,33.1,633.6,143.3,84,75,74,2,29.77
2019-10-10 18:30:00,105.1,33.0,625.3,142.9,84,75,74,2,29.8
2019-10-10 19:00:00,98.0,32.4,578.6,130.2,84,75,74,2,29.8
2019-10-10 19:30:00,86.5,31.1,478.8,108.1,84,75,74,2,29.8
2019-10-10 20:00:00,84.7,30.6,463.2,104.9,82,75,79,3,29.83
2019-10-10 20:30:00,82.7,30.3,436.8,102.1,82,73,74,3,29.83
2019-10-10 21:00:00,85.9,30.3,449.6,99.8,81,73,79,2,29.83
2019-10-10 21:30:00,83.4,30.7,477.1,105.6,81,73,79,3,29.86
2019-10-10 22:00:00,82.2,30.0,432.9,101.0,81,73,79,2,29.86
2019-10-10 22:30:00,84.0,30.2,463.3,101.0,81,75,84,3,29.86
2019-10-10 23:00:00,81.0,29.6,433.9,98.1,81,75,84,3,29.86
2019-10-10 23:30:00,81.8,29.3,428.8,93.7,82,75,79,5,29.83
2019-10-11 00:00:00,78.9,29.4,430.5,93.4,82,77,84,3,29.8
2019-10-11 00:30:00,73.2,28.8,387.2,89.4,82,77,84,2,29.8
2019-10-11 01:00:00,73.5,28.7,385.6,88.3,81,77,89,2,29.8
2019-10-11 01:30:00,74.1,28.7,389.9,88.4,81,77,89,2,29.8
2019-10-11 02:00:00,73.3,28.9,393.8,91.4,81,77,89,2,29.77
2019-10-11 02:30:00,73.4,28.8,384.9,89.4,81,77,89,1,29.77
2019-10-11 03:00:00,74.7,28.7,382.7,87.4,81,77,89,2,29.77
2019-10-11 03:30:00,77.1,29.1,405.9,92.5,81,77,89,2,29.77
2019-10-11 04:00:00,76.0,29.2,410.4,94.8,81,77,89,2,29.77
2019-10-11 04:30:00,76.0,29.1,401.8,93.0,81,77,89,2,29.77
2019-10-11 05:00:00,75.0,29.2,406.8,94.6,81,77,89,2,29.77
2019-10-11 05:30:00,73.4,29.0,384.8,90.2,81,77,89,2,29.77
2019-10-11 06:00:00,74.6,29.0,390.6,89.2,81,77,89,1,29.77
2019-10-11 06:30:00,77.0,29.5,427.3,94.5,81,77,89,2,29.8
2019-10-11 07:00:00,82.6,30.3,489.3,104.4,82,77,84,2,29.8
2019-10-11 07:30:00,99.8,31.5,566.7,121.4,84,77,79,2,29.8
2019-10-11 08:00:00,99.6,31.8,564.1,120.4,86,75,70,3,29.83
2019-10-11 08:30:00,99.3,32.6,610.2,134.5,86,75,70,3,29.83
2019-10-11 09:00:00,101.0,33.2,616.6,140.1,86,75,70,3,29.83
2019-10-11 09:30:00,102.4,33.5,617.2,142.8,88,75,66,6,29.83
2019-10-11 10:00:00,104.3,33.7,619.4,143.9,90,75,62,7,29.83
2019-10-11 10:30:00,106.6,33.8,620.5,143.2,90,73,59,6,29.83
2019-10-11 11:00:00,108.0,33.8,624.5,143.0,88,75,66,8,29.8
2019-10-11 11:30:00,108.4,33.5,629.0,143.2,90,75,62,8,29.8
2019-10-11 12:00:00,107.0,33.2,611.4,137.5,90,77,66,9,29.8
2019-10-11 12:30:00,107.1,33.3,620.1,138.3,90,75,62,8,29.77
2019-10-11 13:00:00,109.4,33.7,633.7,142.8,90,73,59,9,29.77
2019-10-11 13:30:00,111.5,33.9,635.9,143.9,90,72,55,12,29.74
2019-10-11 14:00:00,109.8,33.1,613.7,149.9,91,73,55,12,29.74
2019-10-11 14:30:00,110.3,31.5,742.2,204.2,90,77,66,15,29.74
2019-10-11 15:00:00,92.5,31.3,581.0,143.9,84,73,70,13,29.74
2019-10-11 15:30:00,104.7,31.7,671.4,189.4,81,75,84,10,29.74
2019-10-11 16:00:00,107.6,31.7,689.5,198.3,82,73,74,2,29.71
2019-10-11 16:30:00,108.2,31.3,648.7,186.3,84,75,74,2,29.71
2019-10-11 17:00:00,105.7,31.6,694.9,202.3,86,73,66,5,29.74
2019-10-11 17:30:00,108.2,31.1,642.9,183.3,86,73,66,5,29.74
2019-10-11 18:00:00,107.8,30.9,628.2,176.8,86,72,62,6,29.74
2019-10-11 18:30:00,84.8,32.9,592.3,130.1,82,75,79,3,29.77
2019-10-11 19:00:00,98.9,33.6,608.8,136.8,82,75,79,3,29.77
2019-10-11 19:30:00,89.2,32.0,476.8,116.9,81,75,84,3,29.77
2019-10-11 20:00:00,90.0,31.8,479.0,118.2,81,75,84,2,29.77
2019-10-11 20:30:00,89.3,31.7,476.5,115.3,81,75,84,2,29.8
2019-10-11 21:00:00,89.4,31.6,460.7,112.3,81,77,89,2,29.8
2019-10-11 21:30:00,89.0,31.7,478.9,114.9,81,77,89,3,29.83
2019-10-11 22:00:00,90.2,31.7,468.2,113.9,81,77,89,2,29.83
2019-10-11 22:30:00,93.3,32.2,492.8,121.3,81,77,89,2,29.83
2019-10-11 23:00:00,91.7,32.3,492.1,123.1,81,77,89,2,29.83
2019-10-11 23:30:00,90.8,32.3,505.0,122.8,82,75,79,5,29.83
2019-10-12 00:00:00,85.7,32.3,479.5,126.0,82,77,84,3,29.8
2019-10-12 00:30:00,79.7,31.3,419.9,108.7,82,77,84,2,29.8
2019-10-12 01:00:00,81.3,31.2,420.8,107.8,81,77,89,2,29.8
2019-10-12 01:30:00,81.6,31.2,419.0,107.1,81,77,89,2,29.8
2019-10-12 02:00:00,81.3,31.4,432.4,111.5,81,77,89,2,29.77
2019-10-12 02:30:00,79.2,31.3,429.3,112.0,81,77,89,1,29.77
2019-10-12 03:00:00,80.7,31.2,426.3,109.9,81,77,89,2,29.77
2019-10-12 03:30:00,84.1,31.3,440.2,111.7,81,77,89,2,29.77
2019-10-12 04:00:00,81.4,31.1,425.1,108.1,81,77,89,2,29.77
2019-10-12 04:30:00,80.3,31.3,439.3,112.1,81,77,89,2,29.77
2019-10-12 05:00:00,78.0,30.9,408.9,104.3,81,77,89,2,29.77
2019-10-12 05:30:00,76.1,30.6,396.6,100.5,81,77,89,2,29.77
2019-10-12 06:00:00,76.3,30.6,399.2,99.8,81,77,89,1,29.77
2019-10-12 06:30:00,76.3,30.5,405.6,99.5,81,77,89,2,29.8
2019-10-12 07:00:00,77.2,30.4,400.9,98.3,82,77,84,2,29.8
2019-10-12 07:30:00,90.4,31.9,515.1,119.1,84,77,79,2,29.8
2019-10-12 08:00:00,89.9,32.1,498.7,124.3,86,75,70,3,29.83
2019-10-12 08:30:00,97.2,33.3,582.1,132.6,86,75,70,3,29.83
2019-10-12 09:00:00,97.7,33.6,575.2,132.8,86,75,70,3,29.83
2019-10-12 09:30:00,96.7,33.1,546.7,128.4,88,75,66,6,29.83
2019-10-12 10:00:00,97.4,32.7,532.0,128.2,90,75,62,7,29.83
2019-10-12 10:30:00,98.1,33.2,572.5,131.3,90,73,59,6,29.83
2019-10-12 11:00:00,100.9,33.7,593.5,136.3,88,75,66,8,29.8
2019-10-12 11:30:00,100.7,33.3,564.4,126.5,90,75,62,8,29.8
2019-10-12 12:00:00,101.6,33.7,569.2,129.0,90,77,66,9,29.8
2019-10-12 12:30:00,102.5,34.1,595.3,135.4,90,75,62,8,29.77
2019-10-12 13:00:00,102.3,34.0,597.6,135.6,90,73,59,9,29.77
2019-10-12 13:30:00,102.2,34.4,601.8,138.1,90,72,55,12,29.74
2019-10-12 14:00:00,102.6,33.9,599.8,136.4,91,73,55,12,29.74
2019-10-12 14:30:00,101.3,33.0,582.9,129.4,90,77,66,15,29.74
2019-10-12 15:00:00,99.9,32.8,566.7,125.7,84,73,70,13,29.74
2019-10-12 15:30:00,99.9,32.7,555.4,120.4,81,75,84,10,29.74
2019-10-12 16:00:00,99.3,32.5,563.8,122.4,82,73,74,2,29.71
2019-10-12 16:30:00,97.1,31.3,526.9,108.7,84,75,74,2,29.71
2019-10-12 17:00:00,94.6,30.9,505.6,105.0,86,73,66,5,29.74
2019-10-12 17:30:00,94.6,31.6,530.6,110.9,86,73,66,5,29.74
2019-10-12 18:00:00,94.5,32.0,525.1,114.7,86,72,62,6,29.74
2019-10-12 18:30:00,94.6,32.4,536.4,118.8,82,75,79,3,29.77
2019-10-12 19:00:00,93.6,32.3,526.3,119.0,82,75,79,3,29.77
2019-10-12 19:30:00,87.5,31.5,489.6,116.6,81,75,84,3,29.77
2019-10-12 20:00:00,85.7,31.3,480.5,114.1,81,75,84,2,29.77
2019-10-12 20:30:00,84.6,31.2,468.8,112.6,81,75,84,2,29.8
2019-10-12 21:00:00,85.3,31.3,461.8,111.9,81,77,89,2,29.8
2019-10-12 21:30:00,84.8,31.3,457.8,112.0,81,77,89,3,29.83
2019-10-12 22:00:00,85.8,31.4,466.0,113.2,81,77,89,2,29.83
2019-10-12 22:30:00,88.5,31.4,473.4,114.7,81,77,89,2,29.83
2019-10-12 23:00:00,88.4,31.4,462.7,113.7,81,77,89,2,29.83
2019-10-12 23:30:00,87.7,31.5,460.5,113.5,81,77,89,3,29.83
2019-10-13 00:00:00,85.0,31.4,446.5,111.2,82,77,84,3,29.83
2019-10-13 00:30:00,80.2,30.9,413.3,103.6,82,77,84,6,29.83
2019-10-13 01:00:00,80.9,31.0,423.3,105.3,82,77,84,5,29.8
2019-10-13 01:30:00,80.3,30.9,412.7,103.8,81,77,89,2,29.8
2019-10-13 02:00:00,78.7,30.7,402.0,100.2,82,77,84,2,29.8
2019-10-13 02:30:00,78.4,30.6,400.8,99.2,81,77,89,2,29.77
2019-10-13 03:00:00,79.3,30.6,404.7,100.0,81,77,89,2,29.77
2019-10-13 03:30:00,82.8,30.7,421.5,103.7,81,79,94,2,29.77
2019-10-13 04:00:00,83.0,30.4,397.4,98.7,81,79,94,1,29.77
2019-10-13 04:30:00,82.6,30.2,396.1,96.9,79,77,94,2,29.77
2019-10-13 05:00:00,80.4,30.0,386.7,94.7,79,77,94,2,29.77
2019-10-13 05:30:00,76.6,29.7,371.1,91.7,79,77,94,2,29.77
2019-10-13 06:00:00,75.9,29.9,383.0,95.5,79,77,94,2,29.77
2019-10-13 06:30:00,76.2,30.0,384.3,95.8,79,77,94,2,29.77
2019-10-13 07:00:00,80.3,30.3,412.3,101.6,81,77,89,2,29.8
2019-10-13 07:30:00,83.3,30.7,425.7,106.5,82,79,89,2,29.8
2019-10-13 08:00:00,85.8,31.0,439.3,107.3,84,79,84,3,29.83
2019-10-13 08:30:00,87.8,31.8,469.9,117.0,86,77,74,5,29.83
2019-10-13 09:00:00,92.7,32.8,507.9,127.7,88,77,70,7,29.83
2019-10-13 09:30:00,95.1,33.6,542.1,136.3,88,77,70,8,29.83
2019-10-13 10:00:00,98.8,34.0,564.2,132.1,88,77,70,7,29.83
2019-10-13 10:30:00,98.3,33.9,564.0,132.0,90,77,66,7,29.83
2019-10-13 11:00:00,98.0,34.0,565.7,132.7,90,75,62,7,29.83
2019-10-13 11:30:00,97.0,32.7,545.4,119.9,90,75,62,7,29.83
2019-10-13 12:00:00,95.7,32.4,550.8,118.2,91,75,59,7,29.8
2019-10-13 12:30:00,90.0,30.9,484.8,109.6,90,73,59,7,29.77
2019-10-13 13:00:00,93.5,31.4,507.2,112.8,91,68,46,10,29.77
2019-10-13 13:30:00,95.5,32.5,527.3,122.7,86,72,62,14,29.77
2019-10-13 14:00:00,96.2,32.8,547.7,122.0,88,73,62,10,29.77
2019-10-13 14:30:00,95.9,32.8,552.5,124.3,88,75,66,10,29.74
2019-10-13 15:00:00,95.8,33.0,545.7,128.2,90,75,62,10,29.74
2019-10-13 15:30:00,94.7,32.2,531.7,119.1,88,75,66,10,29.74
2019-10-13 16:00:00,89.5,31.3,493.4,115.8,88,72,58,12,29.71
2019-10-13 16:30:00,91.4,32.5,527.9,123.3,88,75,66,9,29.71
2019-10-13 17:00:00,94.1,32.9,543.8,124.1,88,75,66,9,29.71
2019-10-13 17:30:00,93.7,33.4,555.1,130.5,86,75,70,10,29.71
2019-10-13 18:00:00,90.8,32.7,531.4,127.8,86,75,70,10,29.74
2019-10-13 18:30:00,88.3,31.4,485.2,118.4,84,75,74,14,29.77
2019-10-13 19:00:00,89.6,31.4,475.5,114.8,84,75,74,10,29.77
2019-10-13 19:30:00,89.9,31.6,469.3,113.8,84,73,70,12,29.77
2019-10-13 20:00:00,89.4,32.0,472.5,117.1,84,73,70,7,29.8
2019-10-13 20:30:00,89.0,32.1,472.0,117.0,84,75,74,7,29.8
2019-10-13 21:00:00,88.9,32.0,467.5,117.0,84,75,74,8,29.83
2019-10-13 21:30:00,88.2,31.9,465.3,116.0,82,75,79,10,29.83
2019-10-13 22:00:00,89.6,31.7,468.3,114.5,82,77,84,8,29.83
2019-10-13 22:30:00,92.0,31.8,475.5,117.4,82,77,84,9,29.83
2019-10-13 23:00:00,92.0,31.6,465.2,114.0,82,77,84,7,29.83
2019-10-13 23:30:00,91.8,31.5,462.9,112.4,82,77,84,8,29.83
2019-10-14 00:00:00,88.2,31.3,442.5,108.7,82,77,84,8,29.83
2019-10-14 00:30:00,82.5,30.7,405.8,99.7,82,77,84,6,29.83
2019-10-14 01:00:00,83.1,30.8,408.6,102.1,82,75,79,5,29.83
2019-10-14 01:30:00,83.2,30.6,395.1,99.2,82,75,79,5,29.8
2019-10-14 02:00:00,82.1,30.6,396.9,99.3,82,75,79,5,29.8
2019-10-14 02:30:00,81.8,30.5,392.6,98.9,81,75,84,3,29.8
2019-10-14 03:00:00,80.1,30.5,392.6,98.6,81,75,84,2,29.8
2019-10-14 03:30:00,82.8,30.7,409.6,101.1,81,75,84,2,29.77
2019-10-14 04:00:00,81.9,30.6,408.0,101.1,81,77,89,2,29.77
2019-10-14 04:30:00,81.8,30.5,410.6,100.4,81,77,89,2,29.77
2019-10-14 05:00:00,81.4,30.4,402.6,99.2,81,77,89,2,29.77
2019-10-14 05:30:00,81.4,30.6,417.9,101.9,81,77,89,2,29.77
2019-10-14 06:00:00,80.8,30.7,422.4,102.6,81,77,89,2,29.77
2019-10-14 06:30:00,84.6,31.1,460.0,108.6,81,77,89,2,29.8
2019-10-14 07:00:00,92.3,31.7,501.2,115.2,82,77,84,1,29.8
2019-10-14 07:30:00,106.5,32.1,616.1,148.2,84,77,79,3,29.8
2019-10-14 08:00:00,109.3,31.1,658.2,174.3,84,79,84,5,29.83
2019-10-14 08:30:00,86.7,33.2,606.9,135.5,86,77,74,6,29.83
2019-10-14 09:00:00,105.0,34.3,624.9,143.9,84,75,74,6,29.83
2019-10-14 09:30:00,113.1,34.6,625.6,143.8,86,75,70,7,29.86
2019-10-14 10:00:00,114.4,35.4,613.9,143.6,88,75,66,5,29.86
2019-10-14 10:30:00,114.1,35.2,627.7,163.9,90,77,66,6,29.86
2019-10-14 11:00:00,111.1,31.8,724.8,198.2,90,77,66,8,29.83
2019-10-14 11:30:00,108.4,30.9,668.9,178.6,90,75,62,8,29.83
2019-10-14 12:00:00,108.6,31.0,656.7,178.2,91,75,59,10,29.83
2019-10-14 12:30:00,108.1,31.2,644.2,179.4,91,70,49,10,29.83
2019-10-14 13:00:00,106.9,31.0,631.4,176.5,91,72,52,9,29.8
2019-10-14 13:30:00,105.9,30.7,620.8,174.7,91,70,49,9,29.77
2019-10-14 14:00:00,105.0,29.8,588.1,161.3,93,70,46,10,29.77
2019-10-14 14:30:00,104.3,29.5,578.0,158.9,91,70,49,10,29.74
2019-10-14 15:00:00,105.1,29.9,592.5,162.6,91,70,49,10,29.74
2019-10-14 15:30:00,107.4,31.1,635.5,180.1,91,72,52,12,29.74
2019-10-14 16:00:00,108.2,31.6,651.9,187.6,90,75,62,17,29.74
2019-10-14 16:30:00,109.0,31.8,656.0,189.4,88,75,66,17,29.74
2019-10-14 17:00:00,108.5,31.7,643.6,185.6,86,73,66,14,29.74
2019-10-14 17:30:00,108.4,31.5,646.2,182.2,86,75,70,13,29.77
2019-10-14 18:00:00,107.0,31.0,618.0,174.2,84,75,74,10,29.77
2019-10-14 18:30:00,105.9,30.4,595.1,163.0,84,75,74,7,29.77
2019-10-14 19:00:00,101.2,29.5,555.7,152.4,84,75,74,7,29.77
2019-10-14 19:30:00,92.3,28.2,471.4,131.4,84,75,74,3,29.8
2019-10-14 20:00:00,89.5,28.7,474.2,135.2,82,75,79,3,29.8
2019-10-14 20:30:00,89.6,28.8,485.8,138.3,82,75,79,3,29.83
2019-10-14 21:00:00,88.0,28.4,468.6,133.3,81,73,79,2,29.83
2019-10-14 21:30:00,86.7,28.1,457.2,130.0,81,73,79,1,29.83
2019-10-14 22:00:00,89.3,28.1,465.9,129.3,81,73,79,2,29.83
2019-10-14 22:30:00,90.6,28.2,467.1,130.9,81,73,79,3,29.83
2019-10-14 23:00:00,89.2,28.2,456.7,129.0,81,75,84,2,29.83
2019-10-14 23:30:00,87.1,28.1,451.3,129.2,81,75,84,2,29.83
2019-10-15 00:00:00,84.2,28.0,434.1,127.7,81,75,84,2,29.83
2019-10-15 00:30:00,78.4,27.6,398.6,122.2,81,73,79,2,29.83
2019-10-15 01:00:00,78.4,27.6,395.9,121.4,81,73,79,2,29.8
2019-10-15 01:30:00,78.0,27.6,396.8,122.2,81,73,79,2,29.8
2019-10-15 02:00:00,78.0,27.5,392.8,120.3,79,75,89,2,29.8
2019-10-15 02:30:00,78.6,27.5,393.6,120.3,79,75,89,2,29.8
2019-10-15 03:00:00,79.9,27.6,396.3,120.7,79,75,89,1,29.8
2019-10-15 03:30:00,82.6,27.6,408.5,123.4,79,75,89,1,29.77
2019-10-15 04:00:00,81.7,27.3,394.7,119.6,79,75,89,2,29.77
2019-10-15 04:30:00,82.0,27.3,398.6,119.2,79,75,89,2,29.8
2019-10-15 05:00:00,81.6,27.4,395.9,119.5,79,75,89,1,29.8
2019-10-15 05:30:00,81.3,27.5,408.0,121.0,79,75,89,2,29.8
2019-10-15 06:00:00,80.2,27.5,405.1,120.6,79,75,89,2,29.8
2019-10-15 06:30:00,80.5,27.5,413.7,122.9,79,75,89,2,29.8
2019-10-15 07:00:00,88.8,27.7,460.6,126.8,81,77,89,1,29.8
2019-10-15 07:30:00,105.7,28.8,578.3,149.4,82,77,84,2,29.83
2019-10-15 08:00:00,105.1,29.2,595.9,154.9,84,77,79,2,29.83
2019-10-15 08:30:00,103.6,29.7,596.7,159.0,86,77,74,2,29.83
2019-10-15 09:00:00,103.6,30.4,633.1,172.7,86,75,70,5,29.86
2019-10-15 09:30:00,110.4,31.1,637.4,177.9,88,75,66,6,29.86
2019-10-15 10:00:00,102.7,31.5,584.8,155.4,88,75,66,6,29.86
2019-10-15 10:30:00,113.1,32.2,721.5,192.6,88,75,66,7,29.86
2019-10-15 11:00:00,108.1,31.8,626.9,169.6,90,77,66,6,29.83
2019-10-15 11:30:00,103.0,32.3,668.6,171.4,88,75,66,7,29.83
2019-10-15 12:00:00,117.1,32.4,700.9,200.2,88,75,66,7,29.83
2019-10-15 12:30:00,112.9,32.1,670.8,192.0,88,77,70,8,29.8
2019-10-15 13:00:00,108.7,31.5,635.2,178.2,88,75,66,9,29.8
2019-10-15 13:30:00,88.1,31.7,582.4,123.6,88,73,62,8,29.77
2019-10-15 14:00:00,106.1,33.2,634.2,140.8,91,72,52,8,29.74
2019-10-15 14:30:00,113.3,33.4,633.4,141.2,91,70,49,8,29.74
2019-10-15 15:00:00,113.9,33.6,634.7,142.3,91,70,49,8,29.74
2019-10-15 15:30:00,112.6,32.3,677.7,182.9,90,70,52,7,29.74
2019-10-15 16:00:00,115.9,32.2,690.1,197.5,88,75,66,9,29.74
2019-10-15 16:30:00,114.8,31.4,676.1,185.3,88,73,62,10,29.74
2019-10-15 17:00:00,109.9,30.7,634.3,169.4,86,75,70,10,29.74
2019-10-15 17:30:00,91.9,31.7,611.8,145.7,86,73,66,9,29.74
2019-10-15 18:00:00,111.1,31.4,690.0,190.8,86,73,66,9,29.77
2019-10-15 18:30:00,85.5,31.7,582.9,124.6,84,75,74,6,29.77
2019-10-15 19:00:00,99.0,32.4,580.6,128.0,84,75,74,6,29.77
2019-10-15 19:30:00,86.5,30.9,460.3,103.5,84,75,74,5,29.77
2019-10-15 20:00:00,89.4,30.8,473.6,102.7,84,75,74,3,29.8
2019-10-15 20:30:00,88.1,31.2,471.9,106.0,84,75,74,5,29.8
2019-10-15 21:00:00,88.5,31.3,477.0,105.1,82,77,84,2,29.83
2019-10-15 21:30:00,87.5,31.2,468.9,104.4,82,77,84,3,29.83
2019-10-15 22:00:00,87.5,31.0,462.3,104.0,82,77,84,3,29.86
2019-10-15 22:30:00,88.9,31.0,462.0,103.1,82,77,84,3,29.86
2019-10-15 23:00:00,88.5,30.8,452.8,107.4,82,77,84,2,29.86
2019-10-15 23:30:00,88.7,30.9,456.4,105.5,82,77,84,3,29.86
2019-10-16 00:00:00,85.8,30.9,437.9,106.3,82,77,84,3,29.83
2019-10-16 00:30:00,81.3,30.7,414.2,101.6,82,77,84,3,29.83
2019-10-16 01:00:00,81.9,30.8,419.0,103.0,82,79,89,3,29.83
2019-10-16 01:30:00,81.9,30.8,417.3,102.2,82,77,84,5,29.83
2019-10-16 02:00:00,82.0,30.9,416.8,103.5,82,77,84,5,29.8
2019-10-16 02:30:00,81.4,30.8,413.7,102.2,82,77,84,5,29.8
2019-10-16 03:00:00,83.0,30.8,420.4,103.6,81,77,89,5,29.77
2019-10-16 03:30:00,86.1,31.0,434.3,106.4,81,77,89,2,29.77
2019-10-16 04:00:00,85.7,30.7,425.9,104.1,81,77,89,2,29.77
2019-10-16 04:30:00,84.8,30.6,418.2,101.5,81,77,89,3,29.77
2019-10-16 05:00:00,84.7,30.5,415.1,100.5,81,77,89,3,29.77
2019-10-16 05:30:00,84.6,30.6,426.1,102.7,81,77,89,2,29.77
2019-10-16 06:00:00,83.9,30.6,428.9,103.1,81,77,89,2,29.77
2019-10-16 06:30:00,83.5,30.6,424.5,102.5,81,77,89,3,29.8
2019-10-16 07:00:00,88.4,31.0,476.0,108.6,81,77,89,2,29.8
2019-10-16 07:30:00,108.1,32.9,619.8,139.4,81,77,89,2,29.83
2019-10-16 08:00:00,107.6,33.1,613.7,138.4,82,77,84,3,29.83
2019-10-16 08:30:00,105.4,33.4,614.7,139.8,82,77,84,5,29.83
2019-10-16 09:00:00,103.3,33.6,608.5,141.6,86,79,79,5,29.83
2019-10-16 16:30:00,85.6,32.8,588.6,133.4,88,77,70,13,29.71
2019-10-16 17:00:00,103.6,32.8,652.7,153.6,86,77,74,14,29.71
2019-10-16 17:30:00,115.5,32.0,756.8,210.5,88,75,66,9,29.71
2019-10-16 18:00:00,112.1,31.7,667.7,187.7,86,75,70,8,29.74
2019-10-16 18:30:00,110.2,30.9,650.4,175.8,84,75,74,9,29.74
2019-10-16 19:00:00,83.2,32.2,582.4,128.1,84,75,74,8,29.74
2019-10-16 19:30:00,92.6,32.8,558.3,125.5,84,77,79,8,29.77
2019-10-16 20:00:00,90.8,32.3,520.6,113.6,84,75,74,6,29.77
2019-10-16 20:30:00,91.0,32.4,530.9,116.3,84,77,79,7,29.77
2019-10-16 21:00:00,91.0,32.6,528.2,117.1,82,77,84,6,29.8
2019-10-16 21:30:00,90.0,32.8,522.6,116.9,82,77,84,5,29.8
2019-10-16 22:00:00,90.9,32.8,527.7,117.5,82,77,84,3,29.8
2019-10-16 22:30:00,91.2,33.1,534.7,122.8,82,77,84,2,29.83
2019-10-16 23:00:00,89.8,33.0,524.2,121.9,82,77,84,2,29.83
2019-10-16 23:30:00,89.2,32.7,505.2,115.6,82,77,84,2,29.8
2019-10-17 00:00:00,87.3,32.5,483.0,111.2,82,77,84,2,29.8
2019-10-17 00:30:00,83.0,32.0,453.5,112.7,82,77,84,5,29.8
2019-10-17 01:00:00,82.7,31.9,451.7,112.1,82,77,84,5,29.8
2019-10-17 01:30:00,82.8,31.9,448.6,111.7,82,75,79,5,29.77
2019-10-17 02:00:00,82.5,31.8,444.1,111.0,82,75,79,5,29.77
2019-10-17 02:30:00,82.1,31.8,441.5,111.0,81,77,89,2,29.77
2019-10-17 03:00:00,83.8,31.8,450.4,111.6,81,77,89,3,29.77
2019-10-17 03:30:00,86.4,32.0,464.2,115.1,81,77,89,3,29.74
2019-10-17 04:00:00,86.5,31.9,457.0,113.1,81,77,89,1,29.74
2019-10-17 04:30:00,86.1,31.8,454.8,111.7,81,77,89,1,29.74
2019-10-17 05:00:00,85.9,31.8,453.3,111.4,81,77,89,2,29.74
2019-10-17 05:30:00,85.8,31.9,458.1,108.3,81,77,89,2,29.74
2019-10-17 06:00:00,84.3,31.5,441.6,100.0,81,77,89,1,29.77
2019-10-17 06:30:00,84.5,31.4,446.7,99.1,81,77,89,2,29.77
2019-10-17 07:00:00,89.2,31.9,495.8,108.3,81,77,89,2,29.77
2019-10-17 07:30:00,109.6,33.8,621.7,142.8,82,77,84,3,29.8
2019-10-17 08:00:00,113.0,34.0,630.5,144.0,86,77,74,2,29.8
2019-10-17 08:30:00,110.2,34.0,631.2,144.0,86,77,74,3,29.83
2019-10-17 09:00:00,114.6,34.2,631.5,143.8,88,77,70,5,29.83
2019-10-17 09:30:00,115.1,34.4,634.7,143.8,88,77,70,5,29.83
2019-10-17 10:00:00,115.0,33.4,709.0,194.3,88,77,70,7,29.83
2019-10-17 10:30:00,118.2,32.3,707.2,201.7,88,77,70,8,29.83
2019-10-17 11:00:00,117.9,32.1,691.4,195.2,90,75,62,5,29.8
2019-10-17 11:30:00,116.9,31.9,683.9,191.6,91,75,59,7,29.8
2019-10-17 12:00:00,114.0,30.7,645.6,174.3,91,75,59,9,29.77
2019-10-17 12:30:00,96.3,30.9,588.6,137.7,93,73,52,7,29.77
2019-10-17 13:00:00,110.2,32.4,727.2,195.2,90,73,59,14,29.74
2019-10-17 13:30:00,116.3,31.9,679.8,192.8,88,77,70,16,29.74
2019-10-17 14:00:00,116.5,31.9,675.1,190.3,79,75,89,7,29.74
2019-10-17 14:30:00,117.0,32.3,700.0,199.1,81,75,84,6,29.71
2019-10-17 15:00:00,114.7,31.1,662.6,181.1,84,73,70,9,29.71
2019-10-17 15:30:00,87.9,31.2,586.8,129.0,84,75,74,7,29.71
2019-10-17 16:00:00,113.5,31.2,690.1,188.3,84,73,70,9,29.71
2019-10-17 16:30:00,111.0,31.1,655.5,178.3,84,73,70,6,29.71
2019-10-17 17:00:00,109.9,31.1,655.6,179.5,84,73,70,5,29.71
2019-10-17 17:30:00,106.2,31.2,678.3,190.3,84,73,70,6,29.71
2019-10-17 18:00:00,104.9,30.9,630.8,177.3,84,75,74,8,29.74
2019-10-17 18:30:00,85.0,32.3,597.6,130.4,84,75,74,5,29.74
2019-10-17 19:00:00,98.2,33.1,626.6,141.8,82,75,79,1,29.77
2019-10-17 19:30:00,89.1,31.7,509.7,110.5,84,73,70,5,29.77
2019-10-17 20:00:00,90.1,31.8,515.4,111.5,84,73,70,1,29.77
2019-10-17 20:30:00,89.8,31.9,520.1,112.2,84,73,70,3,29.8
2019-10-17 21:00:00,89.3,31.9,504.4,111.1,82,75,79,1,29.8
2019-10-17 21:30:00,88.3,32.0,503.3,111.4,82,77,84,2,29.8
2019-10-17 22:00:00,89.4,31.8,503.2,111.2,81,77,89,3,29.83
2019-10-17 22:30:00,92.2,32.2,524.0,115.4,81,77,89,2,29.83
2019-10-17 23:00:00,92.4,31.9,509.8,111.0,81,77,89,2,29.83
2019-10-17 23:30:00,92.3,31.9,508.6,110.8,81,77,89,3,29.8
2019-10-18 00:00:00,88.4,31.4,482.2,107.9,81,77,89,3,29.8
2019-10-18 00:30:00,82.5,30.9,439.9,105.9,81,77,89,2,29.8
2019-10-18 01:00:00,82.9,31.0,444.5,107.5,81,77,89,2,29.8
2019-10-18 01:30:00,83.2,31.1,442.7,108.7,81,77,89,3,29.8
2019-10-18 02:00:00,82.7,31.2,437.3,108.0,81,77,89,3,29.77
2019-10-18 02:30:00,82.9,31.1,440.4,108.1,81,77,89,3,29.77
2019-10-18 03:00:00,83.9,30.9,442.1,106.7,81,77,89,5,29.77
2019-10-18 03:30:00,85.9,31.0,448.6,108.4,81,77,89,5,29.77
2019-10-18 04:00:00,86.4,30.9,446.3,107.5,81,77,89,5,29.77
2019-10-18 04:30:00,85.3,30.7,437.6,105.1,81,75,84,5,29.77
2019-10-18 05:00:00,85.7,30.7,439.5,105.0,81,77,89,3,29.77
2019-10-18 05:30:00,86.2,30.9,456.8,106.6,81,77,89,2,29.77
2019-10-18 06:00:00,85.1,30.9,451.0,107.9,79,77,94,3,29.77
2019-10-18 06:30:00,84.2,31.0,451.2,108.7,79,75,89,2,29.77
2019-10-18 07:00:00,89.1,31.3,498.0,112.7,79,77,94,2,29.8
2019-10-18 07:30:00,113.5,31.2,668.3,187.9,81,77,89,2,29.8
2019-10-18 08:00:00,96.5,31.2,586.8,147.3,82,77,84,3,29.8
2019-10-18 08:30:00,91.7,33.2,630.5,140.9,82,75,79,3,29.83
2019-10-18 09:00:00,109.2,33.7,635.8,143.6,84,75,74,5,29.83
2019-10-18 09:30:00,114.2,33.8,634.4,143.2,86,75,70,5,29.83
2019-10-18 10:00:00,109.9,32.9,695.7,184.2,88,75,66,2,29.83
2019-10-18 10:30:00,111.6,31.8,696.4,200.2,88,75,66,5,29.83
2019-10-18 11:00:00,110.7,31.3,651.9,182.9,88,77,70,3,29.83
2019-10-18 11:30:00,113.9,31.8,663.8,187.4,88,73,62,6,29.8
2019-10-18 12:00:00,114.5,31.8,669.5,187.5,84,75,74,15,29.83
2019-10-18 12:30:00,112.6,32.0,667.8,191.4,84,73,70,10,29.8
2019-10-18 13:00:00,111.7,31.4,646.2,181.0,84,72,66,8,29.8
2019-10-18 13:30:00,98.4,31.3,595.7,150.2,84,72,66,9,29.77
2019-10-18 14:00:00,90.3,33.7,628.5,141.9,84,73,70,7,29.74
2019-10-18 14:30:00,117.1,32.4,753.8,210.2,86,73,66,9,29.74
2019-10-18 15:00:00,113.3,31.4,658.3,181.8,86,73,66,8,29.74
2019-10-18 15:30:00,93.7,31.2,584.2,136.5,86,75,70,6,29.71
2019-10-18 16:00:00,107.7,31.7,682.8,175.4,86,75,70,7,29.71
2019-10-18 16:30:00,113.4,31.0,643.0,176.2,86,75,70,5,29.71
2019-10-18 17:00:00,96.5,31.1,588.4,139.5,86,73,66,7,29.71
2019-10-18 17:30:00,104.8,31.3,670.2,173.4,86,75,70,7,29.74
2019-10-18 18:00:00,90.1,31.1,574.0,128.4,84,75,74,7,29.74
2019-10-18 18:30:00,96.3,32.7,619.7,136.6,84,75,74,8,29.74
2019-10-18 19:00:00,105.9,32.4,576.2,126.7,84,75,74,8,29.77
2019-10-18 19:30:00,90.0,31.3,482.4,101.7,84,77,79,7,29.77
2019-10-18 20:00:00,92.6,31.6,500.6,106.0,84,75,74,2,29.8
2019-10-18 20:30:00,91.4,31.6,491.2,103.8,82,77,84,1,29.8
2019-10-18 21:00:00,92.1,31.4,482.5,101.7,84,75,74,5,29.83
2019-10-18 21:30:00,91.0,31.3,472.4,100.6,84,75,74,6,29.83
2019-10-18 22:00:00,92.1,31.2,475.7,99.3,82,75,79,7,29.83
2019-10-18 22:30:00,94.6,31.4,479.7,102.1,82,75,79,5,29.83
2019-10-18 23:00:00,95.5,31.6,493.9,105.0,82,75,79,6,29.83
2019-10-18 23:30:00,94.7,31.3,476.3,101.4,82,75,79,5,29.83
2019-10-19 00:00:00,91.6,31.2,462.9,99.4,82,75,79,3,29.8
2019-10-19 00:30:00,86.2,30.7,422.3,100.0,82,75,79,2,29.8
2019-10-19 01:00:00,86.6,31.2,431.5,104.0,82,75,79,3,29.8
2019-10-19 01:30:00,86.4,31.2,424.4,103.5,81,75,84,1,29.77
2019-10-19 02:00:00,85.6,31.2,422.9,103.9,81,75,84,2,29.77
2019-10-19 02:30:00,83.1,31.0,415.3,101.9,81,75,84,2,29.77
2019-10-19 03:00:00,84.5,31.1,418.9,101.7,81,75,84,2,29.77
2019-10-19 03:30:00,87.7,31.4,438.0,106.3,81,73,79,2,29.77
2019-10-19 04:00:00,87.5,31.4,441.7,106.8,81,75,84,2,29.77
2019-10-19 04:30:00,87.0,31.5,446.2,108.0,81,75,84,2,29.77
2019-10-19 05:00:00,85.0,31.4,441.4,107.1,81,77,89,2,29.77
2019-10-19 05:30:00,82.8,31.3,434.6,105.0,81,77,89,2,29.8
2019-10-19 06:00:00,82.4,31.2,431.8,104.5,81,77,89,2,29.8
2019-10-19 06:30:00,82.7,31.2,440.7,104.7,81,77,89,2,29.8
2019-10-19 07:00:00,88.5,31.6,481.9,102.8,81,77,89,2,29.83
2019-10-19 07:30:00,99.7,32.5,545.9,118.9,82,77,84,2,29.83
2019-10-19 08:00:00,100.7,32.9,563.2,123.7,84,77,79,2,29.83
2019-10-19 08:30:00,104.1,33.5,603.3,136.9,84,77,79,3,29.86
2019-10-19 09:00:00,103.5,33.4,590.5,132.7,86,77,74,3,29.86
2019-10-19 09:30:00,104.8,33.7,594.3,136.1,90,73,59,2,29.86
2019-10-19 10:00:00,104.7,34.0,600.2,138.5,91,73,55,5,29.86
2019-10-19 10:30:00,105.7,34.0,606.2,139.8,90,72,55,7,29.83
2019-10-19 11:00:00,105.4,33.9,601.4,137.4,91,70,49,9,29.83
2019-10-19 11:30:00,105.4,33.8,596.3,136.8,91,68,46,10,29.83
2019-10-19 12:00:00,105.1,33.6,592.4,134.7,91,72,52,9,29.83
2019-10-19 12:30:00,104.6,33.5,581.0,132.5,90,73,59,10,29.8
2019-10-19 13:00:00,102.8,32.4,545.0,118.9,91,73,55,10,29.77
2019-10-19 13:30:00,102.7,32.8,543.9,120.0,90,73,59,13,29.77
2019-10-19 14:00:00,102.9,33.0,548.2,122.0,90,75,62,13,29.77
2019-10-19 14:30:00,102.9,33.1,549.7,122.5,88,75,66,17,29.77
2019-10-19 15:00:00,103.4,33.5,559.3,127.2,88,72,58,17,29.77
2019-10-19 15:30:00,104.3,34.2,578.2,134.3,88,75,66,18,29.74
2019-10-19 16:00:00,105.3,34.3,589.3,138.1,88,73,62,15,29.74
2019-10-19 16:30:00,104.2,34.0,579.4,134.4,86,72,62,13,29.74
2019-10-19 17:00:00,102.7,33.2,558.7,124.9,86,73,66,6,29.74
2019-10-19 17:30:00,103.2,33.7,573.2,130.3,86,73,66,9,29.77
2019-10-19 18:00:00,101.8,33.1,560.3,125.9,86,75,70,8,29.77
2019-10-19 18:30:00,99.1,31.8,518.6,110.9,84,75,74,8,29.8
2019-10-19 19:00:00,96.2,31.5,492.4,104.8,84,75,74,9,29.8
2019-10-19 19:30:00,90.9,31.8,477.2,102.9,84,77,79,6,29.8
2019-10-19 20:00:00,91.1,32.3,489.2,107.6,84,75,74,7,29.8
2019-10-19 20:30:00,90.8,32.7,495.8,111.0,82,75,79,8,29.83
2019-10-19 21:00:00,90.6,32.5,487.6,108.8,82,75,79,6,29.83
2019-10-19 21:30:00,90.5,32.5,489.8,108.6,81,75,84,3,29.83
2019-10-19 22:00:00,93.4,32.8,511.8,113.1,82,75,79,3,29.83
2019-10-19 22:30:00,95.6,32.9,516.2,115.4,82,77,84,5,29.83
2019-10-19 23:00:00,95.1,32.6,501.7,112.0,82,77,84,5,29.83
2019-10-19 23:30:00,95.3,32.5,505.4,111.2,82,75,79,2,29.83
2019-10-20 00:00:00,91.9,32.3,482.3,108.5,81,77,89,2,29.8
2019-10-20 00:30:00,87.3,31.8,451.0,102.0,82,77,84,2,29.8
2019-10-20 01:00:00,87.6,31.7,452.4,101.5,81,77,89,2,29.8
2019-10-20 01:30:00,87.4,31.4,443.3,98.9,81,77,89,2,29.8
2019-10-20 02:00:00,85.5,31.1,423.7,98.9,81,77,89,3,29.8
2019-10-20 02:30:00,83.4,30.7,411.2,99.0,79,77,94,3,29.77
2019-10-20 03:00:00,84.9,30.6,413.6,98.2,81,77,89,2,29.77
2019-10-20 03:30:00,86.9,30.7,421.7,99.5,81,77,89,3,29.77
2019-10-20 04:00:00,86.3,30.5,419.6,98.9,81,77,89,3,29.77
2019-10-20 04:30:00,86.3,30.5,419.2,98.9,79,77,94,2,29.77
2019-10-20 05:00:00,83.9,30.4,405.5,95.7,81,77,89,2,29.8
2019-10-20 05:30:00,81.1,30.2,396.2,93.8,81,77,89,2,29.8
2019-10-20 06:00:00,81.4,30.4,402.3,95.7,81,77,89,2,29.8
2019-10-20 06:30:00,81.9,30.5,415.2,97.8,81,77,89,1,29.8
2019-10-20 07:00:00,87.1,31.0,451.0,102.2,81,79,94,2,29.8
2019-10-20 07:30:00,90.8,31.3,470.0,100.0,82,77,84,3,29.8
2019-10-20 08:00:00,91.5,31.6,484.6,103.6,86,77,74,2,29.83
2019-10-20 08:30:00,96.1,32.5,526.2,115.3,86,77,74,2,29.83
2019-10-20 09:00:00,97.3,33.2,543.7,121.7,88,77,70,5,29.83
2019-10-20 09:30:00,97.2,33.2,545.1,122.7,86,75,70,6,29.83
2019-10-20 10:00:00,98.5,33.3,552.8,124.1,90,75,62,6,29.83
2019-10-20 10:30:00,99.5,33.4,560.4,126.3,90,75,62,7,29.83
2019-10-20 11:00:00,99.1,33.4,556.4,126.4,90,75,62,9,29.83
2019-10-20 11:30:00,99.2,33.6,555.4,126.2,90,73,59,8,29.8
2019-10-20 12:00:00,99.0,33.6,557.9,126.6,90,73,59,9,29.8
2019-10-20 12:30:00,99.6,33.8,567.3,130.6,88,75,66,9,29.77
2019-10-20 13:00:00,99.9,33.9,570.1,131.4,86,77,74,9,29.77
2019-10-20 13:30:00,99.9,33.9,568.2,130.6,82,77,84,14,29.77
2019-10-20 14:00:00,100.0,34.1,577.6,134.3,84,77,79,10,29.74
2019-10-20 14:30:00,100.7,34.3,592.5,137.0,86,75,70,10,29.74
2019-10-20 15:00:00,100.4,34.3,597.1,139.2,88,75,66,12,29.74
2019-10-20 15:30:00,99.5,33.9,583.2,134.7,88,75,66,10,29.74
2019-10-20 16:00:00,98.0,33.2,561.1,127.3,86,77,74,10,29.74
2019-10-20 16:30:00,97.6,32.7,551.2,120.9,82,77,84,9,29.74
2019-10-20 17:00:00,97.6,32.9,552.4,122.7,84,75,74,12,29.74
2019-10-20 17:30:00,96.9,33.1,544.8,121.4,82,77,84,8,29.74
2019-10-20 18:00:00,96.4,33.2,538.6,121.4,82,77,84,8,29.74
2019-10-20 18:30:00,95.7,33.4,540.4,123.0,82,77,84,7,29.77
2019-10-20 19:00:00,93.1,32.9,516.9,116.3,82,77,84,6,29.77
2019-10-20 19:30:00,91.7,32.5,501.0,110.9,84,77,79,7,29.77
2019-10-20 20:00:00,91.4,32.4,498.5,110.3,82,77,84,6,29.77
2019-10-20 20:30:00,91.4,32.3,494.0,108.1,82,77,84,5,29.8
2019-10-20 21:00:00,91.0,32.3,498.1,108.0,82,77,84,5,29.8
2019-10-20 21:30:00,90.7,32.2,493.7,108.0,82,77,84,3,29.8
2019-10-20 22:00:00,92.7,32.3,506.1,110.5,82,77,84,2,29.8
2019-10-20 22:30:00,95.1,32.5,508.7,112.5,82,77,84,2,29.8
2019-10-20 23:00:00,94.7,32.3,501.0,110.2,81,77,89,6,29.8
2019-10-20 23:30:00,95.0,32.4,504.6,111.0,81,75,84,7,29.8
2019-10-21 00:00:00,91.7,32.3,487.3,109.4,81,75,84,5,29.8
2019-10-21 00:30:00,85.9,31.8,443.8,109.8,79,75,89,1,29.77
2019-10-21 01:00:00,86.1,31.9,449.6,111.0,79,77,94,3,29.77
2019-10-21 01:30:00,86.6,32.0,450.1,111.5,81,77,89,2,29.77
2019-10-21 02:00:00,87.2,32.0,441.1,110.4,81,77,89,3,29.77
2019-10-21 02:30:00,86.8,31.8,434.7,108.0,81,77,89,2,29.77
2019-10-21 03:00:00,88.4,31.8,440.9,109.2,81,77,89,1,29.74
2019-10-21 03:30:00,92.2,32.1,457.5,113.9,81,77,89,1,29.74
2019-10-21 04:00:00,91.6,32.0,448.6,112.2,81,77,89,1,29.74
2019-10-21 04:30:00,91.2,31.9,447.9,111.0,79,77,94,1,29.74
2019-10-21 05:00:00,91.0,31.8,446.0,110.7,79,77,94,2,29.74
2019-10-21 05:30:00,91.3,31.9,458.3,109.4,79,79,100,2,29.74
2019-10-21 06:00:00,90.9,31.9,461.8,103.2,79,79,100,2,29.74
2019-10-21 06:30:00,94.4,32.2,501.8,109.0,79,79,100,1,29.77
2019-10-21 07:00:00,103.5,32.9,551.7,122.1,81,79,94,2,29.77
2019-10-21 07:30:00,117.2,34.0,630.9,144.0,82,79,89,2,29.8
2019-10-21 08:00:00,117.1,34.3,633.4,144.0,86,79,79,2,29.8
2019-10-21 08:30:00,115.6,34.2,636.2,144.0,86,77,74,2,29.8
2019-10-21 09:00:00,112.7,31.1,665.6,187.6,88,77,70,6,29.8
2019-10-21 09:30:00,113.4,30.3,636.4,168.5,88,77,70,5,29.8
2019-10-21 10:00:00,114.5,30.4,641.3,168.1,90,75,62,6,29.8
2019-10-21 10:30:00,115.0,30.6,646.1,170.9,88,77,70,5,29.8
2019-10-21 11:00:00,116.1,30.9,654.7,174.9,90,75,62,7,29.8
2019-10-21 11:30:00,116.8,31.6,713.0,194.8,90,75,62,6,29.77
2019-10-21 12:00:00,111.5,32.1,714.1,206.9,86,77,74,9,29.77
2019-10-21 12:30:00,109.4,31.8,681.6,196.9,88,73,62,7,29.74
2019-10-21 13:00:00,110.4,31.1,658.2,183.2,88,75,66,8,29.74
2019-10-21 13:30:00,111.9,31.0,642.9,177.0,86,77,74,10,29.71
2019-10-21 14:00:00,113.7,32.1,683.9,193.4,88,77,70,13,29.71
2019-10-21 14:30:00,113.9,32.2,695.0,196.7,84,75,74,14,29.71
2019-10-21 15:00:00,112.5,31.4,675.0,184.1,84,75,74,9,29.71
2019-10-21 15:30:00,114.2,31.2,674.2,180.9,84,75,74,9,29.71
2019-10-21 16:00:00,106.7,30.4,685.9,185.1,86,73,66,7,29.71
2019-10-21 16:30:00,85.2,31.4,593.0,127.9,84,75,74,8,29.68
2019-10-21 17:00:00,101.7,33.5,626.2,142.8,84,75,74,3,29.71
2019-10-21 17:30:00,114.5,33.8,629.6,143.6,84,75,74,8,29.71
2019-10-21 18:00:00,112.8,32.3,767.9,216.1,84,73,70,8,29.71
2019-10-21 18:30:00,108.4,31.9,682.4,201.3,84,73,70,5,29.74
2019-10-21 19:00:00,99.8,31.5,614.4,176.7,84,75,74,5,29.77
2019-10-21 19:30:00,83.2,33.5,560.2,134.3,84,77,79,6,29.77
2019-10-21 20:00:00,94.1,33.9,565.2,139.9,84,75,74,3,29.77
2019-10-21 20:30:00,91.6,33.4,553.6,138.8,84,75,74,2,29.8
2019-10-21 21:00:00,90.4,33.4,551.7,136.4,84,75,74,2,29.8
2019-10-21 21:30:00,89.7,33.2,530.1,140.8,84,75,74,2,29.8
2019-10-21 22:00:00,92.2,32.9,524.7,135.0,84,75,74,2,29.8
2019-10-21 22:30:00,95.6,32.9,518.7,131.1,82,75,79,1,29.8
2019-10-21 23:00:00,94.8,32.6,505.6,129.0,82,75,79,2,29.8
2019-10-21 23:30:00,94.8,32.6,511.1,129.4,77,77,100,2,29.83
2019-10-22 00:00:00,91.4,32.5,488.3,126.0,77,75,94,3,29.83
2019-10-22 00:30:00,86.5,32.0,456.4,116.8,77,75,94,3,29.8
2019-10-22 01:00:00,86.8,32.3,455.8,119.3,77,75,94,3,29.77
2019-10-22 01:30:00,87.1,32.3,454.9,118.8,77,77,100,3,29.77
2019-10-22 02:00:00,83.4,31.9,438.0,114.0,77,75,94,3,29.74
2019-10-22 02:30:00,83.1,31.7,436.4,112.3,77,75,94,3,29.74
2019-10-22 03:00:00,84.7,31.7,448.1,113.8,77,75,94,1,29.74
2019-10-22 03:30:00,87.2,31.9,456.1,117.7,77,75,94,1,29.71
2019-10-22 04:00:00,86.7,31.8,450.3,115.6,77,75,94,2,29.71
2019-10-22 04:30:00,87.1,31.9,451.0,115.8,77,75,94,2,29.74
2019-10-22 05:00:00,86.9,31.9,451.2,116.9,77,75,94,2,29.74
2019-10-22 05:30:00,86.5,31.7,461.0,116.7,77,75,94,2,29.74
2019-10-22 06:00:00,85.4,31.7,459.3,116.2,77,75,94,2,29.74
2019-10-22 06:30:00,85.7,31.8,461.8,116.2,77,75,94,2,29.77
2019-10-22 07:00:00,90.4,32.1,502.2,119.4,77,75,94,2,29.77
2019-10-22 07:30:00,110.1,33.6,626.9,142.2,79,77,94,2,29.77
2019-10-22 08:00:00,111.8,33.7,630.2,143.6,79,77,94,2,29.8
2019-10-22 08:30:00,108.3,33.0,611.8,149.8,81,77,89,2,29.8
2019-10-22 09:00:00,110.1,30.8,661.2,182.3,82,77,84,2,29.8
2019-10-22 09:30:00,90.0,31.4,575.6,132.0,82,77,84,2,29.8
2019-10-22 10:00:00,95.0,33.3,631.1,142.8,84,73,70,2,29.8
2019-10-22 12:00:00,75.1,29.7,424.6,87.5,88,75,66,5,29.77
2019-10-22 12:30:00,85.6,32.0,583.7,125.9,88,75,66,5,29.77
2019-10-22 13:00:00,100.1,32.4,601.6,132.0,88,75,66,7,29.74
2019-10-22 13:30:00,99.3,31.8,569.8,121.8,88,75,66,8,29.74
2019-10-22 14:00:00,100.3,31.9,589.0,126.9,86,75,70,6,29.71
2019-10-22 14:30:00,101.6,32.1,599.7,130.1,86,75,70,7,29.71
2019-10-22 15:00:00,102.4,32.0,592.7,132.9,86,75,70,3,29.68
2019-10-22 15:30:00,101.2,29.5,609.3,166.1,88,75,66,3,29.68
2019-10-22 16:00:00,103.1,30.0,621.3,167.2,88,75,66,2,29.68
2019-10-22 16:30:00,103.8,30.0,616.8,165.9,86,75,70,7,29.68
2019-10-22 17:00:00,95.1,30.1,589.2,147.1,81,75,84,8,29.71
2019-10-22 17:30:00,92.2,32.7,628.9,139.8,81,73,79,6,29.71
2019-10-22 18:00:00,106.8,32.5,616.6,136.8,81,73,79,3,29.71
2019-10-22 18:30:00,101.9,31.6,562.7,119.2,81,75,84,3,29.74
2019-10-22 19:00:00,94.3,30.5,509.7,103.4,81,75,84,7,29.74
2019-10-22 19:30:00,82.4,29.8,459.1,94.4,81,75,84,2,29.77
2019-10-22 20:00:00,78.9,29.8,458.0,96.2,81,73,79,2,29.77
2019-10-22 20:30:00,77.6,29.7,444.7,96.0,82,73,74,2,29.8
2019-10-22 21:00:00,77.8,29.9,450.6,96.3,82,73,74,1,29.8
2019-10-22 21:30:00,77.2,29.8,443.0,100.4,81,75,84,3,29.8
2019-10-22 22:00:00,78.8,29.9,449.3,101.3,82,75,79,2,29.83
2019-10-22 22:30:00,81.3,29.9,457.9,98.1,81,77,89,2,29.83
2019-10-22 23:00:00,81.3,30.1,448.4,103.4,81,77,89,2,29.83
2019-10-22 23:30:00,81.6,30.1,449.9,102.2,77,77,100,2,29.83
2019-10-23 00:00:00,78.0,29.9,429.7,98.9,77,75,94,3,29.83
2019-10-23 00:30:00,74.2,29.4,396.9,94.3,77,75,94,3,29.8
2019-10-23 01:00:00,74.1,29.4,395.2,94.5,77,75,94,3,29.77
2019-10-23 01:30:00,74.5,29.4,393.2,92.7,77,77,100,3,29.77
2019-10-23 02:00:00,73.8,29.4,393.6,94.2,77,75,94,3,29.74
2019-10-23 02:30:00,73.6,29.2,380.7,90.0,77,75,94,3,29.74
2019-10-23 03:00:00,76.0,29.4,407.3,95.0,77,75,94,1,29.74
2019-10-23 03:30:00,77.8,29.4,407.9,96.0,77,75,94,1,29.71
2019-10-23 04:00:00,77.9,29.5,400.7,95.3,77,75,94,2,29.71
2019-10-23 04:30:00,77.9,29.6,403.8,96.0,77,75,94,2,29.74
2019-10-23 05:00:00,78.0,29.5,398.8,95.2,77,75,94,2,29.74
2019-10-23 05:30:00,77.0,29.4,406.9,95.8,77,75,94,2,29.74
2019-10-23 06:00:00,76.3,29.5,410.1,96.6,77,75,94,2,29.74
2019-10-23 06:30:00,75.9,29.3,406.4,94.6,77,75,94,2,29.77
2019-10-23 07:00:00,81.1,29.8,453.4,100.3,77,75,94,2,29.77
2019-10-23 07:30:00,102.7,31.3,562.3,119.1,79,77,94,2,29.77
2019-10-23 08:00:00,100.1,31.1,538.3,111.7,79,77,94,2,29.8
2019-10-23 08:30:00,102.1,31.4,564.7,118.6,81,77,89,2,29.8
2019-10-23 09:00:00,102.0,31.8,572.5,122.4,82,77,84,2,29.8
2019-10-23 09:30:00,104.8,32.1,582.8,125.3,82,77,84,2,29.8
2019-10-23 10:00:00,104.9,32.3,600.4,131.6,84,73,70,2,29.8
2019-10-23 10:30:00,102.8,32.2,592.1,130.3,84,73,70,3,29.8
2019-10-23 11:00:00,106.4,32.7,605.7,132.9,86,73,66,3,29.8
2019-10-23 11:30:00,109.0,32.8,603.4,131.8,88,73,62,5,29.8
2019-10-23 12:00:00,109.3,32.9,607.6,134.3,88,75,66,5,29.77
2019-10-23 12:30:00,109.6,33.0,610.6,134.7,88,75,66,5,29.77
2019-10-23 13:00:00,115.2,33.4,632.8,142.2,88,75,66,7,29.74
2019-10-23 13:30:00,116.0,33.5,631.1,142.4,88,75,66,8,29.74
2019-10-23 14:00:00,115.6,33.8,632.6,142.1,86,75,70,6,29.71
2019-10-23 14:30:00,115.5,33.8,640.5,141.9,86,75,70,7,29.71
2019-10-23 15:00:00,113.2,32.9,699.9,177.2,86,75,70,3,29.68
2019-10-23 15:30:00,118.7,31.9,724.6,203.4,88,75,66,3,29.68
2019-10-23 16:00:00,118.5,31.5,705.1,196.6,88,75,66,2,29.68
2019-10-23 16:30:00,113.5,31.3,667.1,189.8,86,75,70,7,29.68
2019-10-23 17:00:00,111.7,31.1,638.4,180.7,81,75,84,8,29.71
2019-10-23 17:30:00,88.4,32.3,580.4,138.9,81,73,79,6,29.71
2019-10-23 18:00:00,96.6,34.2,627.4,143.5,81,73,79,3,29.71
2019-10-23 18:30:00,110.5,34.3,633.4,143.7,81,75,84,3,29.74
2019-10-23 19:00:00,107.0,34.3,620.6,143.1,81,75,84,7,29.74
2019-10-23 19:30:00,94.2,34.0,595.6,139.0,81,75,84,2,29.77
2019-10-23 20:00:00,93.3,32.9,543.0,127.2,81,73,79,2,29.77
2019-10-23 20:30:00,92.7,32.5,531.2,119.7,82,73,74,2,29.8
2019-10-23 21:00:00,90.6,31.8,505.6,118.7,82,73,74,1,29.8
2019-10-23 21:30:00,87.9,31.5,481.1,116.7,81,75,84,3,29.8
2019-10-23 22:00:00,88.4,31.6,481.2,118.1,82,75,79,2,29.83
2019-10-23 22:30:00,89.5,31.9,485.2,121.4,81,77,89,2,29.83
2019-10-23 23:00:00,89.7,32.0,480.3,121.2,81,77,89,2,29.83
2019-10-23 23:30:00,90.4,32.2,481.5,123.0,81,77,89,3,29.83
2019-10-24 00:00:00,89.8,32.3,485.0,123.6,81,77,89,2,29.8
2019-10-24 07:00:00,97.5,32.4,623.3,131.0,79,77,94,2,29.77
2019-10-24 07:30:00,107.5,33.0,614.7,137.2,81,79,94,2,29.8
2019-10-24 08:00:00,108.9,33.1,603.9,135.5,81,79,94,2,29.8
2019-10-24 08:30:00,105.8,33.0,598.7,133.8,82,79,89,2,29.83
2019-10-24 09:00:00,106.8,33.3,606.2,135.8,84,79,84,2,29.83
2019-10-24 09:30:00,111.2,33.9,622.4,143.0,84,79,84,3,29.83
2019-10-24 10:00:00,112.6,34.3,622.0,143.4,88,77,70,2,29.83
2019-10-24 10:30:00,113.7,34.6,629.4,142.4,90,77,66,5,29.83
2019-10-24 11:00:00,112.6,34.8,627.3,143.4,88,75,66,7,29.83
2019-10-24 11:30:00,95.1,32.8,632.0,157.5,88,75,66,6,29.8
2019-10-24 12:00:00,122.4,33.0,834.3,232.2,84,75,74,10,29.8
2019-10-24 12:30:00,112.5,31.9,687.2,193.0,81,70,70,8,29.8
2019-10-24 13:00:00,112.9,31.9,686.3,193.4,81,70,70,5,29.77
2019-10-24 13:30:00,116.8,31.5,692.7,188.1,82,70,66,2,29.77
2019-10-24 14:00:00,105.2,30.4,598.2,155.8,86,72,62,3,29.74
2019-10-24 14:30:00,91.0,32.5,615.6,133.8,86,73,66,8,29.74
2019-10-24 15:00:00,104.7,32.9,622.7,141.6,86,73,66,5,29.74
2019-10-24 15:30:00,110.0,29.0,608.7,154.8,86,75,70,12,29.71
2019-10-24 16:00:00,87.2,30.7,563.8,114.2,86,75,70,8,29.71
2019-10-24 16:30:00,102.0,31.6,578.1,134.0,86,73,66,9,29.71
2019-10-24 17:00:00,112.1,30.3,686.5,177.6,86,75,70,10,29.71
2019-10-24 17:30:00,88.6,31.4,585.1,129.3,86,73,66,9,29.74
2019-10-24 18:00:00,99.4,32.6,622.7,137.7,84,75,74,7,29.74
2019-10-24 18:30:00,108.1,32.2,602.4,132.4,84,75,74,6,29.74
2019-10-24 19:00:00,101.9,31.4,541.2,115.5,82,77,84,7,29.77
2019-10-24 19:30:00,90.0,31.0,472.1,102.8,82,75,79,6,29.77
2019-10-24 20:00:00,91.8,31.2,478.8,104.2,82,77,84,7,29.8
2019-10-24 20:30:00,92.0,31.1,479.5,104.0,82,77,84,6,29.8
2019-10-24 21:00:00,92.0,31.3,482.1,104.8,82,77,84,5,29.83
2019-10-24 21:30:00,91.1,31.3,479.2,105.2,82,75,79,3,29.83
2019-10-24 22:00:00,93.3,31.4,484.7,105.8,82,77,84,3,29.83
2019-10-24 22:30:00,96.0,31.5,489.3,107.4,82,75,79,5,29.83
2019-10-24 23:00:00,96.3,31.5,491.2,106.7,82,75,79,6,29.83
2019-10-24 23:30:00,96.4,31.5,485.8,107.1,84,75,74,7,29.83
2019-10-25 00:00:00,93.9,31.5,478.5,107.9,82,77,84,6,29.83
2019-10-25 00:30:00,88.5,31.2,444.7,107.8,82,77,84,5,29.83
2019-10-25 01:00:00,88.4,31.2,449.0,109.3,82,77,84,3,29.8
2019-10-25 01:30:00,88.3,31.3,460.3,112.2,82,77,84,2,29.8
2019-10-25 02:00:00,87.7,31.0,435.9,107.3,82,77,84,2,29.77
2019-10-25 02:30:00,86.9,30.7,419.8,102.4,82,77,84,2,29.77
2019-10-25 03:00:00,88.8,30.6,427.6,102.7,81,77,89,2,29.77
2019-10-25 03:30:00,91.3,31.0,445.1,108.9,81,77,89,2,29.77
2019-10-25 04:00:00,90.4,30.8,434.9,106.2,81,77,89,1,29.77
2019-10-25 04:30:00,91.1,30.9,440.2,107.1,81,77,89,1,29.77
2019-10-25 05:00:00,90.6,30.7,430.9,104.9,81,77,89,2,29.77
2019-10-25 05:30:00,91.2,30.9,453.1,108.9,81,79,94,2,29.77
2019-10-25 06:00:00,86.8,30.7,435.8,105.7,81,77,89,2,29.77
2019-10-25 06:30:00,86.5,30.9,445.7,108.0,81,79,94,2,29.8
2019-10-25 07:00:00,91.7,31.3,506.9,114.7,81,79,94,2,29.8
2019-10-25 07:30:00,115.0,30.6,670.2,177.4,81,79,94,2,29.8
2019-10-25 08:00:00,95.9,30.9,581.6,138.7,82,79,89,3,29.83
2019-10-25 08:30:00,94.6,33.2,631.2,141.3,84,79,84,5,29.86
2019-10-25 09:00:00,112.1,33.7,633.5,142.6,86,79,79,5,29.86
2019-10-25 09:30:00,115.6,32.7,735.3,190.9,86,77,74,7,29.86
2019-10-25 10:00:00,121.3,32.4,742.1,212.7,86,77,74,7,29.86
2019-10-25 10:30:00,120.1,31.8,695.8,193.4,88,75,66,5,29.86
2019-10-25 11:00:00,120.6,32.0,714.5,198.0,90,73,59,8,29.83
2019-10-25 11:30:00,121.2,32.0,711.6,198.2,91,75,59,8,29.83
2019-10-25 12:00:00,119.8,31.8,700.8,194.4,91,73,55,13,29.8
2019-10-25 12:30:00,118.5,31.0,652.4,178.2,91,75,59,10,29.77
2019-10-25 13:00:00,118.1,31.2,678.4,184.4,90,75,62,10,29.77
2019-10-25 13:30:00,119.5,31.9,707.5,196.0,91,75,59,6,29.74
2019-10-25 14:00:00,119.6,32.2,716.2,201.8,91,75,59,10,29.71
2019-10-25 14:30:00,120.1,31.7,707.6,195.4,91,75,59,9,29.71
2019-10-25 15:00:00,116.7,31.2,663.7,186.8,90,73,59,9,29.71
2019-10-25 15:30:00,112.0,32.0,679.3,193.2,91,73,55,8,29.71
2019-10-25 16:00:00,114.1,31.9,682.0,192.9,90,73,59,8,29.68
2019-10-25 16:30:00,112.8,31.4,669.8,185.0,90,73,59,7,29.71
2019-10-25 17:00:00,110.8,29.9,625.0,165.1,88,72,58,7,29.71
2019-10-25 17:30:00,105.8,29.2,583.7,153.4,88,72,58,7,29.71
2019-10-25 18:00:00,105.1,29.0,565.0,150.1,88,73,62,7,29.74
2019-10-25 18:30:00,105.9,29.7,608.4,161.9,86,75,70,3,29.74
2019-10-25 19:00:00,100.1,29.2,562.4,154.1,84,73,70,2,29.77
2019-10-25 19:30:00,91.8,27.9,479.5,132.4,84,75,74,3,29.77
2019-10-25 20:00:00,89.2,27.9,475.9,130.2,84,75,74,5,29.77
2019-10-25 20:30:00,90.7,28.4,490.1,136.3,84,75,74,6,29.8
2019-10-25 21:00:00,90.8,28.4,492.4,137.2,82,75,79,2,29.8
2019-10-25 21:30:00,90.1,28.5,485.1,137.2,82,75,79,3,29.83
2019-10-25 22:00:00,89.1,28.3,481.7,136.8,82,75,79,2,29.83
2019-10-25 22:30:00,81.1,30.3,489.1,113.8,82,75,79,2,29.83
2019-10-25 23:00:00,92.8,31.6,509.2,117.3,82,75,79,2,29.83
2019-10-25 23:30:00,93.6,31.4,485.2,116.4,82,75,79,2,29.8
2019-10-26 00:00:00,90.4,31.3,469.5,115.0,82,75,79,2,29.8
2019-10-26 00:30:00,86.6,30.9,445.6,108.4,82,75,79,3,29.8
2019-10-26 01:00:00,86.2,30.7,442.9,107.3,82,75,79,2,29.8
2019-10-26 01:30:00,86.1,30.6,435.7,105.6,82,73,74,2,29.8
2019-10-26 02:00:00,85.2,30.4,430.6,102.8,82,75,79,3,29.77
2019-10-26 02:30:00,83.9,30.0,417.4,98.9,81,75,84,3,29.77
2019-10-26 03:00:00,85.0,29.8,419.6,98.4,81,75,84,2,29.74
2019-10-26 03:30:00,88.4,30.1,438.0,102.4,81,75,84,2,29.74
2019-10-26 04:00:00,88.4,30.1,431.9,101.9,81,75,84,2,29.74
2019-10-26 04:30:00,87.7,30.2,427.6,101.3,81,73,79,1,29.74
2019-10-26 05:00:00,87.2,30.9,438.0,107.2,81,73,79,2,29.74
2019-10-26 05:30:00,85.6,31.0,438.4,108.0,81,73,79,2,29.77
2019-10-26 06:00:00,85.1,31.0,436.8,108.3,81,75,84,1,29.77
2019-10-26 06:30:00,82.9,30.6,423.0,103.5,81,73,79,2,29.77
2019-10-26 07:00:00,86.3,30.5,443.3,105.0,81,75,84,3,29.8
2019-10-26 07:30:00,100.0,31.6,526.3,113.2,81,75,84,3,29.8
2019-10-26 08:00:00,99.9,31.8,523.7,117.0,84,77,79,6,29.8
2019-10-26 08:30:00,103.6,32.2,568.8,122.5,86,75,70,3,29.83
2019-10-26 09:00:00,102.1,32.2,553.7,118.5,84,75,74,5,29.83
2019-10-26 09:30:00,104.8,32.9,576.2,126.2,86,75,70,7,29.83
2019-10-26 10:00:00,106.1,33.2,581.2,129.7,88,73,62,5,29.83
2019-10-26 10:30:00,106.0,32.8,559.8,121.4,88,75,66,5,29.83
2019-10-26 11:00:00,106.3,33.0,566.1,124.9,90,73,59,5,29.83
2019-10-26 11:30:00,106.7,33.2,566.7,125.3,91,73,55,3,29.83
2019-10-26 12:00:00,105.6,32.5,555.8,119.3,86,73,66,3,29.8
2019-10-26 12:30:00,109.1,32.9,599.2,131.2,86,75,70,5,29.77
2019-10-26 13:00:00,108.6,33.1,588.1,129.9,81,75,84,5,29.8
2019-10-26 13:30:00,106.8,33.9,593.0,134.6,79,75,89,3,29.77
2019-10-26 14:00:00,107.1,33.1,575.2,126.8,79,73,83,10,29.77
2019-10-26 14:30:00,106.0,33.1,586.4,130.2,75,73,94,5,29.77
2019-10-26 15:00:00,105.0,33.0,600.5,132.7,77,75,94,2,29.74
2019-10-26 15:30:00,101.7,32.3,567.6,121.8,79,77,94,3,29.74
2019-10-26 16:00:00,101.4,32.0,561.8,118.4,79,75,89,5,29.74
2019-10-26 16:30:00,101.6,31.6,551.8,115.1,79,77,94,3,29.74
2019-10-26 17:00:00,101.0,31.5,547.8,113.6,79,75,89,2,29.74
2019-10-26 17:30:00,100.0,31.6,543.1,113.8,79,75,89,2,29.74
2019-10-26 18:00:00,99.4,31.7,545.4,113.8,79,75,89,2,29.74
2019-10-26 18:30:00,99.5,32.1,547.8,116.7,79,75,89,2,29.77
2019-10-26 19:00:00,97.8,31.7,528.9,112.9,79,77,94,1,29.77
2019-10-26 19:30:00,90.4,31.0,484.4,111.7,79,77,94,1,29.8
2019-10-26 20:00:00,88.5,30.8,471.4,110.7,79,77,94,2,29.8
2019-10-26 20:30:00,88.1,31.0,469.8,111.6,79,77,94,2,29.8
2019-10-26 21:00:00,88.3,31.2,470.6,112.7,79,77,94,2,29.8
2019-10-26 21:30:00,88.2,31.3,466.7,113.7,79,77,94,2,29.83
2019-10-26 22:00:00,90.6,31.5,481.0,116.5,79,77,94,3,29.83
2019-10-26 22:30:00,93.9,31.8,496.3,118.2,79,77,94,1,29.83
2019-10-26 23:00:00,92.5,31.6,480.2,117.2,79,77,94,3,29.83
2019-10-26 23:30:00,93.2,31.8,490.9,120.0,79,77,94,2,29.8
2019-10-27 00:00:00,90.5,31.5,475.1,117.0,79,75,89,1,29.8
2019-10-27 00:30:00,86.4,31.0,446.7,109.0,79,77,94,3,29.8
2019-10-27 01:00:00,86.4,30.9,444.2,108.9,79,75,89,2,29.8
2019-10-27 01:30:00,85.3,30.9,447.3,109.8,79,75,89,2,29.77
2019-10-27 02:00:00,83.1,30.5,434.6,107.0,79,75,89,2,29.77
2019-10-27 02:30:00,83.1,30.4,430.4,106.0,79,75,89,2,29.74
2019-10-27 03:00:00,84.4,30.4,436.7,105.9,77,75,94,2,29.74
2019-10-27 03:30:00,86.4,30.3,440.4,106.2,79,75,89,3,29.74
2019-10-27 04:00:00,85.8,30.1,427.3,103.3,77,75,94,1,29.74
2019-10-27 04:30:00,85.7,30.0,426.0,101.8,79,75,89,2,29.74
2019-10-27 05:00:00,83.8,29.7,414.4,99.2,79,75,89,2,29.74
2019-10-27 05:30:00,80.4,29.3,393.6,93.6,79,75,89,3,29.74
2019-10-27 06:00:00,80.4,29.4,400.9,95.1,79,75,89,2,29.74
2019-10-27 06:30:00,80.3,29.4,401.1,95.8,79,73,83,3,29.77
2019-10-27 07:00:00,83.8,29.7,433.2,100.2,79,75,89,2,29.77
2019-10-27 07:30:00,88.9,30.3,469.2,108.5,79,75,89,3,29.77
2019-10-27 08:00:00,91.0,30.8,483.6,114.6,81,75,84,3,29.8
2019-10-27 08:30:00,94.0,31.5,498.7,119.8,81,75,84,6,29.8
2019-10-27 09:00:00,98.6,31.6,513.2,116.5,82,75,79,3,29.8
2019-10-27 09:30:00,100.1,31.6,504.9,116.4,84,75,74,3,29.8
2019-10-27 10:00:00,101.5,32.2,541.5,116.7,86,73,66,5,29.8
2019-10-27 10:30:00,102.4,32.5,545.5,120.1,86,73,66,5,29.8
2019-10-27 11:00:00,102.8,32.5,544.6,118.4,88,73,62,3,29.8
2019-10-27 11:30:00,103.3,32.4,539.7,116.9,90,72,55,2,29.8
2019-10-27 12:00:00,103.2,32.5,548.0,117.7,90,73,59,5,29.77
2019-10-27 12:30:00,103.8,32.4,549.3,118.0,88,73,62,3,29.77
2019-10-27 13:00:00,103.2,32.1,538.6,114.2,88,73,62,3,29.74
2019-10-27 13:30:00,103.5,32.7,559.3,121.5,88,73,62,2,29.74
2019-10-27 14:00:00,103.8,33.1,571.0,126.6,90,75,62,5,29.71
2019-10-27 14:30:00,103.1,32.5,552.9,119.8,88,75,66,9,29.71
2019-10-27 15:00:00,103.2,33.0,564.0,124.9,88,77,70,8,29.68
2019-10-27 15:30:00,103.7,33.5,570.3,129.4,88,75,66,9,29.68
2019-10-27 16:00:00,104.0,33.4,573.2,129.0,88,75,66,7,29.68
2019-10-27 16:30:00,104.1,33.1,561.7,125.9,86,75,70,6,29.68
2019-10-27 17:00:00,104.3,32.6,546.3,118.6,86,75,70,5,29.71
2019-10-27 17:30:00,103.6,32.5,556.4,119.3,82,73,74,5,29.71
2019-10-27 18:00:00,100.5,31.8,537.2,114.2,75,75,100,12,29.74
2019-10-27 18:30:00,97.5,31.1,505.4,107.7,75,75,100,7,29.74
2019-10-27 19:00:00,92.1,30.8,482.9,110.0,73,73,100,7,29.77
2019-10-27 19:30:00,90.3,31.1,495.8,113.2,75,73,94,3,29.77
2019-10-27 20:00:00,89.3,31.0,482.3,115.6,75,73,94,2,29.8
2019-10-27 20:30:00,87.9,30.8,467.3,112.5,75,75,100,2,29.8
2019-10-27 21:00:00,87.2,30.8,464.6,112.6,75,75,100,3,29.83
2019-10-27 21:30:00,87.4,30.9,464.1,113.5,75,75,100,3,29.8
2019-10-27 22:00:00,86.4,31.0,474.0,114.4,75,75,100,3,29.8
2019-10-27 22:30:00,86.6,31.0,470.3,114.9,77,75,94,3,29.83
2019-10-27 23:00:00,86.4,30.9,465.6,113.2,77,77,100,3,29.83
2019-10-27 23:30:00,86.1,30.8,466.5,112.4,77,75,94,3,29.83
2019-10-28 00:00:00,84.3,30.7,456.7,111.2,77,77,100,2,29.8
2019-10-28 00:30:00,81.9,30.5,436.2,107.2,77,75,94,2,29.8
2019-10-28 01:00:00,82.2,30.4,430.6,105.2,77,77,100,2,29.8
2019-10-28 01:30:00,81.8,30.4,429.4,105.6,77,75,94,2,29.77
2019-10-28 02:00:00,81.6,30.5,429.0,105.5,77,75,94,2,29.77
2019-10-28 02:30:00,81.9,30.4,425.0,105.0,77,75,94,2,29.77
2019-10-28 03:00:00,81.7,30.3,425.4,103.8,77,75,94,2,29.74
2019-10-28 03:30:00,81.8,30.3,424.2,104.3,77,75,94,2,29.74
2019-10-28 04:00:00,81.6,30.3,423.9,104.4,77,75,94,3,29.74
2019-10-28 04:30:00,81.6,30.3,422.3,103.7,77,75,94,2,29.74
2019-10-28 05:00:00,81.7,30.3,421.3,104.2,77,75,94,3,29.74
2019-10-28 05:30:00,83.2,30.3,420.0,101.9,77,75,94,2,29.77
2019-10-28 06:00:00,84.2,30.6,434.4,106.1,77,75,94,3,29.77
2019-10-28 06:30:00,88.6,30.8,457.5,109.0,77,75,94,2,29.77
2019-10-28 07:00:00,94.6,31.3,492.1,116.5,77,75,94,3,29.77
2019-10-28 07:30:00,102.8,31.8,541.4,118.8,79,75,89,2,29.8
2019-10-28 08:00:00,106.0,32.1,563.4,120.4,79,75,89,3,29.8
2019-10-28 08:30:00,106.6,32.6,584.3,127.2,81,75,84,2,29.83
2019-10-28 09:00:00,106.2,33.0,591.2,129.3,82,77,84,3,29.83
2019-10-28 09:30:00,109.1,33.5,610.7,138.2,84,75,74,6,29.83
2019-10-28 10:00:00,108.2,33.5,612.9,140.7,84,75,74,6,29.83
2019-10-28 10:30:00,106.0,33.4,602.1,139.3,86,75,70,6,29.83
2019-10-28 11:00:00,100.9,33.0,563.6,127.9,86,77,74,5,29.83
2019-10-28 11:30:00,99.6,32.7,553.1,122.9,86,75,70,5,29.83
2019-10-28 12:00:00,101.3,32.2,535.1,118.7,86,77,74,5,29.8
2019-10-28 12:30:00,105.1,32.8,546.7,121.6,86,75,70,6,29.8
2019-10-28 13:00:00,106.1,33.1,561.5,124.9,86,77,74,6,29.77
2019-10-28 13:30:00,106.9,33.3,557.3,125.1,82,77,84,5,29.77
2019-10-28 14:00:00,107.8,33.6,575.7,129.2,82,79,89,5,29.74
2019-10-28 14:30:00,107.5,33.6,578.2,128.7,81,75,84,9,29.74
2019-10-28 15:00:00,107.6,33.6,574.6,129.2,84,77,79,5,29.74
2019-10-28 15:30:00,108.0,33.6,574.9,129.6,84,77,79,6,29.74
2019-10-28 16:00:00,107.9,33.5,573.2,127.8,77,75,94,2,29.74
2019-10-28 16:30:00,107.9,33.6,575.7,128.9,77,73,89,3,29.74
2019-10-28 17:00:00,106.6,33.6,572.8,128.3,79,75,89,7,29.74
2019-10-28 17:30:00,105.8,33.3,569.0,127.0,75,75,100,5,29.77
2019-10-28 18:00:00,104.3,33.1,562.8,124.8,77,75,94,3,29.77
2019-10-28 18:30:00,103.5,32.6,552.1,120.0,77,75,94,3,29.77
2019-10-28 19:00:00,100.2,32.5,534.8,120.7,77,75,94,3,29.77
2019-10-28 19:30:00,93.4,31.8,475.5,117.1,77,75,94,2,29.8
2019-10-28 20:00:00,94.1,32.1,503.6,122.8,77,75,94,1,29.8
2019-10-28 20:30:00,94.6,32.3,512.7,126.4,77,75,94,3,29.8
2019-10-28 21:00:00,92.4,31.9,492.9,121.8,75,75,100,3,29.8
2019-10-28 21:30:00,89.8,31.4,463.0,114.9,77,75,94,3,29.83
2019-10-28 22:00:00,90.3,31.2,462.6,112.8,77,75,94,2,29.83
2019-10-28 22:30:00,90.7,31.3,462.3,113.7,77,75,94,2,29.83
2019-10-28 23:00:00,91.0,31.4,464.3,114.4,77,75,94,2,29.83
2019-10-28 23:30:00,90.9,31.4,461.2,114.1,77,75,94,3,29.83
2019-10-29 00:00:00,87.0,31.1,443.5,110.2,77,77,100,1,29.83
2019-10-29 00:30:00,82.1,30.4,402.9,99.9,77,77,100,1,29.83
2019-10-29 01:00:00,82.2,30.5,408.5,101.3,77,77,100,3,29.8
2019-10-29 01:30:00,82.1,30.5,406.2,100.3,77,77,100,2,29.83
2019-10-29 02:00:00,81.4,30.5,404.3,100.5,77,75,94,2,29.8
2019-10-29 02:30:00,81.4,30.4,401.3,99.7,77,75,94,2,29.77
2019-10-29 03:00:00,81.8,30.4,414.2,100.5,77,75,94,3,29.77
2019-10-29 03:30:00,85.1,30.7,433.0,105.3,77,75,94,1,29.77
2019-10-29 04:00:00,84.7,30.6,423.5,103.8,77,75,94,2,29.77
2019-10-29 04:30:00,84.6,30.5,421.2,103.2,77,75,94,2,29.74
2019-10-29 05:00:00,84.7,30.6,425.2,103.8,77,75,94,2,29.74
2019-10-29 05:30:00,84.1,30.6,429.8,104.5,77,75,94,1,29.77
2019-10-29 06:00:00,83.8,30.8,437.8,107.0,77,75,94,1,29.77
2019-10-29 06:30:00,83.8,30.8,437.3,107.0,77,75,94,2,29.77
2019-10-29 07:00:00,89.1,31.3,495.4,112.9,79,77,94,1,29.77
2019-10-29 07:30:00,116.0,30.7,659.8,183.1,81,77,89,2,29.8
2019-10-29 08:00:00,103.0,30.4,585.4,142.3,82,75,79,1,29.8
2019-10-29 08:30:00,94.6,32.7,633.0,140.2,84,75,74,1,29.83
2019-10-29 09:00:00,108.0,31.9,626.7,152.9,86,73,66,2,29.83
2019-10-29 09:30:00,118.9,30.8,705.6,187.7,88,75,66,1,29.83
2019-10-29 10:00:00,118.7,30.8,673.8,179.6,88,73,62,2,29.83
2019-10-29 10:30:00,120.1,30.8,680.5,179.8,86,73,66,6,29.83
2019-10-29 11:00:00,119.9,30.9,675.9,182.1,88,75,66,3,29.8
2019-10-29 11:30:00,118.8,30.9,673.5,179.7,90,72,55,5,29.8
2019-10-29 12:00:00,118.1,31.0,677.1,181.0,90,72,55,6,29.77
2019-10-29 12:30:00,118.0,31.1,678.6,183.7,90,73,59,6,29.77
2019-10-29 13:00:00,118.4,31.3,687.1,186.8,88,75,66,7,29.77
2019-10-29 13:30:00,118.6,31.5,689.9,189.3,90,73,59,6,29.74
2019-10-29 14:00:00,117.8,30.6,660.9,175.4,90,75,62,7,29.74
2019-10-29 14:30:00,117.9,30.5,652.2,172.1,90,75,62,6,29.71
2019-10-29 15:00:00,119.0,30.7,669.4,176.8,90,75,62,7,29.71
2019-10-29 15:30:00,119.5,31.2,680.9,184.5,88,75,66,8,29.68
2019-10-29 16:00:00,119.1,31.1,677.4,183.4,88,77,70,7,29.68
2019-10-29 16:30:00,119.2,31.1,673.3,182.9,88,75,66,9,29.68
2019-10-29 17:00:00,117.8,31.0,675.3,181.6,86,75,70,8,29.71
2019-10-29 17:30:00,116.6,30.6,655.2,174.5,86,75,70,7,29.71
2019-10-29 18:00:00,106.3,30.3,599.3,153.9,86,75,70,5,29.74
2019-10-29 18:30:00,90.9,32.6,615.9,133.0,86,73,66,5,29.74
2019-10-29 19:00:00,106.2,33.2,630.0,143.0,84,75,74,7,29.74
2019-10-29 19:30:00,96.5,32.3,558.5,126.8,84,75,74,7,29.77
2019-10-29 20:00:00,93.8,30.5,491.9,101.4,84,75,74,6,29.77
2019-10-29 20:30:00,95.7,31.5,518.1,110.0,84,77,79,5,29.8
2019-10-29 21:00:00,94.5,31.7,532.7,115.8,82,75,79,6,29.8
2019-10-29 21:30:00,92.2,31.2,503.2,108.9,84,75,74,5,29.8
2019-10-29 22:00:00,93.9,31.1,495.2,105.9,84,75,74,5,29.8
2019-10-29 22:30:00,96.8,31.3,508.8,107.9,84,75,74,6,29.8
2019-10-29 23:00:00,97.5,31.4,506.1,107.3,82,77,84,5,29.83
2019-10-29 23:30:00,97.0,31.3,503.2,105.9,82,77,84,3,29.83
2019-10-30 00:00:00,93.7,31.1,488.3,104.9,82,77,84,3,29.8
2019-10-30 00:30:00,89.0,30.6,451.6,106.8,81,77,89,2,29.8
2019-10-30 01:00:00,88.5,30.4,449.5,105.0,81,77,89,2,29.8
2019-10-30 03:00:00,93.3,30.8,470.9,103.7,81,77,89,2,29.77
2019-10-30 03:30:00,92.5,30.8,461.2,102.0,81,75,84,2,29.77
2019-10-30 04:00:00,92.2,30.7,456.0,101.9,81,75,84,2,29.77
2019-10-30 04:30:00,88.9,30.4,442.5,103.6,81,75,84,3,29.77
2019-10-30 05:00:00,87.9,30.0,436.1,101.3,81,75,84,2,29.77
2019-10-30 05:30:00,87.3,29.9,444.2,96.8,81,75,84,3,29.77
2019-10-30 06:00:00,86.0,29.8,438.8,94.1,81,75,84,3,29.77
2019-10-30 06:30:00,86.9,29.8,448.4,96.1,79,75,89,2,29.8
2019-10-30 07:00:00,91.8,30.1,493.3,100.4,81,75,84,2,29.8
2019-10-30 07:30:00,108.3,31.0,603.4,141.9,82,75,79,1,29.8
2019-10-30 08:00:00,121.5,29.9,702.5,176.6,84,75,74,2,29.8
2019-10-30 08:30:00,86.2,31.8,582.1,124.7,86,73,66,2,29.8
2019-10-30 09:00:00,104.5,33.5,634.7,143.5,88,75,66,5,29.83
2019-10-30 09:30:00,112.7,32.4,660.6,165.9,86,75,70,3,29.8
2019-10-30 10:00:00,117.9,31.0,696.9,187.9,88,75,66,3,29.83
2019-10-30 10:30:00,118.0,30.6,668.0,177.3,88,75,66,5,29.8
2019-10-30 11:00:00,118.5,30.7,671.0,179.5,90,73,59,5,29.8
2019-10-30 11:30:00,119.5,30.9,676.3,180.1,90,73,59,6,29.8
2019-10-30 12:00:00,119.4,31.0,677.9,182.7,90,72,55,6,29.77
2019-10-30 12:30:00,118.8,31.1,681.1,183.4,90,73,59,8,29.77
2019-10-30 13:00:00,119.5,31.7,692.8,192.7,90,73,59,7,29.74
2019-10-30 13:30:00,119.4,31.6,682.3,188.1,88,75,66,9,29.74
2019-10-30 14:00:00,118.1,31.4,685.4,188.1,86,72,62,12,29.74
2019-10-30 14:30:00,117.2,31.5,690.7,189.0,82,72,70,8,29.71
2019-10-30 15:00:00,117.9,31.4,692.5,188.8,82,72,70,6,29.71
2019-10-30 15:30:00,117.3,31.5,686.4,187.3,84,72,66,5,29.68
2019-10-30 16:00:00,116.8,31.6,684.8,189.0,84,75,74,8,29.71
2019-10-30 16:30:00,115.3,31.8,724.0,205.0,82,73,74,14,29.71
2019-10-30 17:00:00,112.3,30.5,644.5,174.9,82,72,70,10,29.68
2019-10-30 17:30:00,89.2,31.6,588.0,131.4,82,73,74,3,29.71
2019-10-30 18:00:00,99.1,33.6,636.6,143.7,82,75,79,2,29.71
2019-10-30 18:30:00,108.6,32.0,660.0,173.3,82,75,79,2,29.71
2019-10-30 19:00:00,95.9,30.6,573.3,140.9,82,77,84,1,29.74
2019-10-30 19:30:00,89.4,32.7,596.2,136.6,82,75,79,2,29.74
2019-10-30 20:00:00,93.7,32.2,545.3,123.5,82,77,84,1,29.74
2019-10-30 20:30:00,92.2,31.8,541.5,119.2,82,77,84,1,29.74
2019-10-30 21:00:00,89.4,31.5,521.0,113.4,82,77,84,5,29.74
2019-10-30 21:30:00,87.6,31.4,504.0,111.1,82,77,84,2,29.77
2019-10-30 22:00:00,89.8,31.6,518.3,114.7,82,77,84,1,29.77
2019-10-30 22:30:00,92.8,32.0,528.1,118.2,81,77,89,2,29.77
2019-10-30 23:00:00,92.3,31.7,514.0,114.0,81,77,89,3,29.77
2019-10-30 23:30:00,92.3,31.7,518.7,114.8,81,77,89,2,29.77
2019-10-31 00:00:00,88.3,31.1,488.4,109.6,81,77,89,2,29.77
2019-10-31 00:30:00,84.5,30.8,458.8,113.7,81,77,89,2,29.77
2019-10-31 01:00:00,84.5,30.9,461.9,114.0,81,77,89,3,29.74
2019-10-31 01:30:00,81.0,30.7,448.1,111.5,81,77,89,3,29.74
2019-10-31 02:00:00,80.7,30.8,449.1,111.3,81,77,89,2,29.74
2019-10-31 02:30:00,81.2,30.9,452.4,113.4,81,77,89,2,29.74
2019-10-31 03:00:00,82.5,31.0,459.1,113.4,81,77,89,2,29.74
2019-10-31 03:30:00,85.6,31.2,479.2,110.4,81,77,89,2,29.74
2019-10-31 04:00:00,83.6,31.0,459.4,110.8,81,77,89,3,29.74
2019-10-31 04:30:00,81.9,30.8,450.1,112.9,81,77,89,2,29.74
2019-10-31 05:00:00,81.9,30.8,454.2,113.0,81,75,84,2,29.74
2019-10-31 05:30:00,81.4,30.8,454.5,112.5,79,77,94,1,29.74
2019-10-31 06:00:00,82.9,30.8,462.2,112.3,81,77,89,2,29.74
2019-10-31 06:30:00,87.2,31.2,501.6,111.1,81,77,89,2,29.74
2019-10-31 07:00:00,92.9,31.5,541.7,116.7,81,77,89,3,29.77
2019-10-31 07:30:00,118.8,30.7,720.3,191.1,81,77,89,2,29.77
2019-10-31 08:00:00,103.7,30.6,626.5,161.9,82,77,84,2,29.8
2019-10-31 08:30:00,91.2,33.2,627.4,142.2,82,77,84,3,29.8
2019-10-31 09:00:00,107.7,33.5,634.7,143.9,82,77,84,2,29.8
2019-10-31 09:30:00,110.1,31.9,676.4,176.6,84,77,79,2,29.8
2019-10-31 10:00:00,111.2,30.8,688.9,190.7,84,75,74,3,29.8
2019-10-31 10:30:00,110.3,31.1,678.8,191.7,84,75,74,5,29.8
2019-10-31 11:00:00,108.9,31.3,670.9,190.2,86,75,70,3,29.8
2019-10-31 11:30:00,109.5,31.2,665.5,187.8,86,75,70,3,29.8
2019-10-31 12:00:00,113.1,31.5,672.2,188.6,86,75,70,5,29.8
2019-10-31 12:30:00,114.4,31.2,648.7,181.0,88,72,58,5,29.77
2019-10-31 13:00:00,115.8,31.4,665.7,184.2,90,70,52,6,29.77
2019-10-31 13:30:00,115.6,31.5,665.9,186.3,90,72,55,6,29.74
2019-10-31 14:00:00,114.9,30.3,630.1,167.8,90,70,52,7,29.74
2019-10-31 14:30:00,91.0,31.3,557.2,125.7,88,73,62,3,29.71
2019-10-31 15:00:00,122.7,30.8,735.2,190.3,86,73,66,7,29.71
2019-10-31 15:30:00,112.3,29.8,617.4,158.8,86,75,70,5,29.71
2019-10-31 16:00:00,88.1,31.7,593.7,125.1,86,73,66,3,29.71
2019-10-31 16:30:00,105.7,32.7,625.4,137.4,86,72,62,3,29.71
2019-10-31 17:00:00,114.9,32.6,625.0,138.0,84,73,70,3,29.71
2019-10-31 17:30:00,114.2,32.2,610.8,133.6,84,73,70,3,29.71
2019-10-31 18:00:00,113.3,32.2,605.5,132.3,84,73,70,2,29.74
2019-10-31 18:30:00,111.0,31.8,579.8,123.1,84,73,70,2,29.74
2019-10-31 19:00:00,106.9,31.9,570.2,124.1,84,73,70,1,29.77
2019-10-31 19:30:00,93.2,30.9,491.1,101.8,84,75,74,2,29.77
2019-10-31 20:00:00,93.2,30.9,490.7,101.4,82,75,79,2,29.77
2019-10-31 20:30:00,94.7,31.0,499.8,104.2,82,75,79,3,29.77
2019-10-31 21:00:00,94.4,31.0,492.8,102.5,82,75,79,2,29.77
2019-10-31 21:30:00,93.4,31.0,478.5,99.6,82,75,79,2,29.8
2019-10-31 22:00:00,95.4,31.4,495.3,104.7,82,75,79,3,29.8
2019-10-31 22:30:00,97.0,31.9,519.9,112.3,82,77,84,2,29.8
2019-10-31 23:00:00,95.6,31.4,489.1,104.2,82,75,79,2,29.83
2019-10-31 23:30:00,96.4,31.6,504.4,107.4,84,73,70,3,29.83
